"variable_id","title","description","register_type","register_address","usable_address","divisor","factor","unit","variable_size","rest_writable","minimum_raw","maximum_raw","default_raw","included_in_definition","mqtt_topic"
4,"Current outdoor temperature (BT1)","","input",1,true,10,0.1,"°C","s16",false,0,0,0,true,"system/outdoortemperature"
5,"Supply line (EP23-BT2)","","input",2,true,10,0.1,"°C","s16",false,0,0,0,false,""
6,"Supply line (EP22-BT2)","","input",3,true,10,0.1,"°C","s16",false,0,0,0,false,""
7,"Supply line (EP21-BT2)","","input",4,true,10,0.1,"°C","s16",false,0,0,0,false,""
11,"Hot water top (BT7)","","input",8,true,10,0.1,"°C","s16",false,0,0,0,true,"hotwater/top"
12,"Hot water charging (BT6)","","input",9,true,10,0.1,"°C","s16",false,0,0,0,true,"hotwater/charging"
24,"Collector in (AZ10-BT26)","","input",21,true,10,0.1,"°C","s16",false,0,0,0,false,""
25,"Collector out (AZ10-BT27)","","input",22,true,10,0.1,"°C","s16",false,0,0,0,false,""
42,"Return line (EQ1-BT65)","","input",31,true,10,0.1,"°C","s16",false,0,0,0,false,""
50,"Temperature limiter (EB100-FD1)","","input",36,true,1,1,"","s16",false,0,0,0,false,""
54,"Average temperature (BT1)","","input",37,true,10,0.1,"°C","s16",false,0,0,0,true,"system/averageoutdoortemperature"
57,"External supply line (BT25)","","input",39,true,10,0.1,"°C","s16",false,0,0,0,true,"system/externalsupplyline"
58,"Flow sensor (BF1)","","input",40,true,10,0.1,"l/min","s16",false,0,0,0,true,"system/flowsensor"
59,"Electrical anode (EB100-FR1)","","input",41,true,1,1,"","s16",false,0,0,0,false,""
78,"Pool (CL12-BT51)","","input",59,true,10,0.1,"°C","s16",false,0,0,0,false,""
85,"Collector in (AZ13-BT26)","","input",66,true,10,0.1,"°C","s16",false,0,0,0,false,""
86,"Collector in (AZ12-BT26)","","input",67,true,10,0.1,"°C","s16",false,0,0,0,false,""
87,"Collector in (AZ11-BT26)","","input",68,true,10,0.1,"°C","s16",false,0,0,0,false,""
88,"Collector out (AZ13-BT27)","","input",69,true,10,0.1,"°C","s16",false,0,0,0,false,""
89,"Collector out (AZ12-BT27)","","input",70,true,10,0.1,"°C","s16",false,0,0,0,false,""
90,"Collector out (AZ11-BT27)","","input",71,true,10,0.1,"°C","s16",false,0,0,0,false,""
96,"Return line (EP23-BT3)","","input",75,true,10,0.1,"°C","s16",false,0,0,0,false,""
97,"Return line (EP22-BT3)","","input",76,true,10,0.1,"°C","s16",false,0,0,0,false,""
98,"Return line (EP21-BT3)","","input",77,true,10,0.1,"°C","s16",false,0,0,0,false,""
99,"Return line (EP15-BT3)","","input",78,true,10,0.1,"°C","s16",false,0,0,0,false,""
116,"Outgoing hot water (BT70)","","input",87,true,10,0.1,"°C","s16",false,0,0,0,false,""
121,"Return line (BT71)","","input",88,true,10,0.1,"°C","s16",false,0,0,0,true,"system/returnline"
123,"Collector (EQ1-BT57)","","input",90,true,10,0.1,"°C","s16",false,0,0,0,false,""
124,"Heating dump (EQ1-BT75)","","input",91,true,10,0.1,"°C","s16",false,0,0,0,false,""
127,"Supply line (EP47-BT2)","","input",94,true,10,0.1,"°C","s16",false,0,0,0,false,""
128,"Supply line (EP46-BT2)","","input",95,true,10,0.1,"°C","s16",false,0,0,0,false,""
129,"Supply line (EP45-BT2)","","input",96,true,10,0.1,"°C","s16",false,0,0,0,false,""
130,"Supply line (EP44-BT2)","","input",97,true,10,0.1,"°C","s16",false,0,0,0,false,""
131,"Return line (EP47-BT3)","","input",98,true,10,0.1,"°C","s16",false,0,0,0,false,""
132,"Return line (EP46-BT3)","","input",99,true,10,0.1,"°C","s16",false,0,0,0,false,""
133,"Return line (EP45-BT3)","","input",100,true,10,0.1,"°C","s16",false,0,0,0,false,""
134,"Return line (EP44-BT3)","","input",101,true,10,0.1,"°C","s16",false,0,0,0,false,""
151,"Room average temp. clim. system 8 (BT50)","","input",109,true,10,0.1,"°C","s16",false,0,0,0,false,""
152,"Room average temp. clim. system 7 (BT50)","","input",110,true,10,0.1,"°C","s16",false,0,0,0,false,""
153,"Room average temp. clim. system 6 (BT50)","","input",111,true,10,0.1,"°C","s16",false,0,0,0,false,""
154,"Room average temp. clim. system 5 (BT50)","","input",112,true,10,0.1,"°C","s16",false,0,0,0,false,""
155,"Room average temp. clim. system 4 (BT50)","","input",113,true,10,0.1,"°C","s16",false,0,0,0,false,""
156,"Room average temp. clim. system 3 (BT50)","","input",114,true,10,0.1,"°C","s16",false,0,0,0,false,""
157,"Room average temp. clim. system 2 (BT50)","","input",115,true,10,0.1,"°C","s16",false,0,0,0,false,""
158,"Room average temp. clim. system 1 (BT50)","","input",116,true,10,0.1,"°C","s16",false,0,0,0,false,""
242,"Oper. mode shunt climate system 8","","input",129,true,1,1,"","u8",false,0,0,0,false,""
243,"Oper. mode shunt climate system 7","","input",130,true,1,1,"","u8",false,0,0,0,false,""
244,"Oper. mode shunt climate system 6","","input",131,true,1,1,"","u8",false,0,0,0,false,""
245,"Oper. mode shunt climate system 5","","input",132,true,1,1,"","u8",false,0,0,0,false,""
247,"Relay status (ERS 1)","","input",134,true,1,1,"","u8",false,0,0,0,false,""
248,"Fan speed (AZ30-GQ2)","","input",135,true,1,1,"%","u8",false,0,0,0,false,""
249,"Fan speed (AZ30-GQ3)","","input",136,true,1,1,"%","u8",false,0,0,0,false,""
250,"Current hot water mode controlled by","","input",137,true,1,1,"","s8",false,0,0,0,false,""
259,"Max. compressor frequency, heating","","input",141,true,100,0.01,"Hz","u16",false,0,0,0,false,""
275,"External adjustment climate system 8","","input",151,true,1,1,"","u8",false,0,0,0,false,""
276,"External adjustment climate system 7","","input",152,true,1,1,"","u8",false,0,0,0,false,""
277,"External adjustment climate system 6","","input",153,true,1,1,"","u8",false,0,0,0,false,""
278,"External adjustment climate system 5","","input",154,true,1,1,"","u8",false,0,0,0,false,""
301,"Climate system 8","","input",156,true,1,1,"","u8",false,0,0,0,false,""
302,"Climate system 7","","input",157,true,1,1,"","u8",false,0,0,0,false,""
303,"Climate system 6","","input",158,true,1,1,"","u8",false,0,0,0,false,""
304,"Climate system 5","","input",159,true,1,1,"","u8",false,0,0,0,false,""
305,"Extra cooling","","input",160,true,1,1,"","u8",false,0,0,0,false,""
533,"Hot water comfort return (BT82)","","input",174,true,10,0.1,"°C","s16",false,0,0,0,false,""
534,"Hot water comfort heater (BT83)","","input",175,true,10,0.1,"°C","s16",false,0,0,0,false,""
555,"Compressor, total time pool, heat pump 8 (EP15)","","input",179,true,1,1,"h","u32",false,0,0,0,false,""
556,"Compressor, total time pool 2, heat pump 8 (EP15)","","input",181,true,1,1,"h","u32",false,0,0,0,false,""
558,"Compressor, total time pool, heat pump 8 (EP14)","","input",185,true,1,1,"h","u32",false,0,2147483647,0,false,""
559,"Compressor, total time pool 2, heat pump 8 (EP14)","","input",187,true,1,1,"h","u32",false,0,2147483647,0,false,""
561,"Compressor, total time pool, heat pump 7 (EP15)","","input",191,true,1,1,"h","u32",false,0,0,0,false,""
562,"Compressor, total time pool 2, heat pump 7 (EP15)","","input",193,true,1,1,"h","u32",false,0,0,0,false,""
564,"Compressor, total time pool, heat pump 7 (EP14)","","input",197,true,1,1,"h","u32",false,0,2147483647,0,false,""
565,"Compressor, total time pool 2, heat pump 7 (EP14)","","input",199,true,1,1,"h","u32",false,0,2147483647,0,false,""
567,"Compressor, total time pool, heat pump 6 (EP15)","","input",203,true,1,1,"h","u32",false,0,0,0,false,""
568,"Compressor, total time pool 2, heat pump 6 (EP15)","","input",205,true,1,1,"h","u32",false,0,0,0,false,""
570,"Compressor, total time pool, heat pump 6 (EP14)","","input",209,true,1,1,"h","u32",false,0,2147483647,0,false,""
571,"Compressor, total time pool 2, heat pump 6 (EP14)","","input",211,true,1,1,"h","u32",false,0,2147483647,0,false,""
573,"Compressor, total time pool, heat pump 5 (EP15)","","input",215,true,1,1,"h","u32",false,0,0,0,false,""
574,"Compressor, total time pool 2, heat pump 5 (EP15)","","input",217,true,1,1,"h","u32",false,0,0,0,false,""
576,"Compressor, total time pool, heat pump 5 (EP14)","","input",221,true,1,1,"h","u32",false,0,2147483647,0,false,""
577,"Compressor, total time pool 2, heat pump 5 (EP14)","","input",223,true,1,1,"h","u32",false,0,2147483647,0,false,""
579,"Compressor, total time pool, heat pump 4 (EP15)","","input",227,true,1,1,"h","u32",false,0,0,0,false,""
580,"Compressor, total time pool 2, heat pump 4 (EP15)","","input",229,true,1,1,"h","u32",false,0,0,0,false,""
582,"Compressor, total time pool, heat pump 4 (EP14)","","input",233,true,1,1,"h","u32",false,0,2147483647,0,false,""
583,"Compressor, total time pool 2, heat pump 4 (EP14)","","input",235,true,1,1,"h","u32",false,0,2147483647,0,false,""
585,"Compressor, total time pool, heat pump 3 (EP15)","","input",239,true,1,1,"h","u32",false,0,0,0,false,""
586,"Compressor, total time pool 2, heat pump 3 (EP15)","","input",241,true,1,1,"h","u32",false,0,0,0,false,""
588,"Compressor, total time pool, heat pump 3 (EP14)","","input",245,true,1,1,"h","u32",false,0,2147483647,0,false,""
589,"Compressor, total time pool 2, heat pump 3 (EP14)","","input",247,true,1,1,"h","u32",false,0,2147483647,0,false,""
591,"Compressor, total time pool, heat pump 2 (EP15)","","input",251,true,1,1,"h","u32",false,0,0,0,false,""
592,"Compressor, total time pool 2, heat pump 2 (EP15)","","input",253,true,1,1,"h","u32",false,0,0,0,false,""
594,"Compressor, total time pool, heat pump 2 (EP14)","","input",257,true,1,1,"h","u32",false,0,2147483647,0,false,""
595,"Compressor, total time pool 2, heat pump 2 (EP14)","","input",259,true,1,1,"h","u32",false,0,2147483647,0,false,""
597,"Compressor, total time pool, heat pump 1 (EP15)","","input",263,true,1,1,"h","u32",false,0,0,0,false,""
598,"Compressor, total time pool 2, heat pump 1 (EP15)","","input",265,true,1,1,"h","u32",false,0,0,0,false,""
599,"Compressor, total time cooling, heat pump 1 (EP14)","","input",267,true,1,1,"h","u32",false,-2147483648,2147483647,0,false,""
600,"Compressor, total time pool, heat pump 1 (EP14)","","input",269,true,1,1,"h","u32",false,-2147483648,2147483647,0,false,""
601,"Compressor, total time pool 2, heat pump 1 (EP14)","","input",271,true,1,1,"h","u32",false,-2147483648,2147483647,0,false,""
605,"Total op. time compr. cooling","","input",279,true,1,1,"h","u32",false,0,2147483647,0,false,""
606,"Compressor, total time pool, main unit (EP14)","","input",281,true,1,1,"h","u32",false,0,2147483647,0,false,""
607,"Compressor, total time pool 2, main unit (EP14)","","input",283,true,1,1,"h","u32",false,0,2147483647,0,false,""
608,"Op. time imm. heater in water tank","","input",285,true,10,0.1,"h","s32",false,0,9999999,0,false,""
623,"Heat pump 8 requested compressor frequency","","input",294,true,1,1,"Hz","u8",false,0,0,0,false,""
624,"Heat pump 7 requested compressor frequency","","input",295,true,1,1,"Hz","u8",false,0,0,0,false,""
625,"Heat pump 6 requested compressor frequency","","input",296,true,1,1,"Hz","u8",false,0,0,0,false,""
626,"Heat pump 5 requested compressor frequency","","input",297,true,1,1,"Hz","u8",false,0,0,0,false,""
627,"Heat pump 4 requested compressor frequency","","input",298,true,1,1,"Hz","u8",false,0,0,0,false,""
628,"Heat pump 3 requested compressor frequency","","input",299,true,1,1,"Hz","u8",false,0,0,0,false,""
629,"Heat pump 2 requested compressor frequency","","input",300,true,1,1,"Hz","u8",false,0,0,0,false,""
630,"Heat pump 1 requested compressor frequency","","input",301,true,1,1,"Hz","u8",false,0,0,0,true,"heatpump/requestedcompressorfrequency"
632,"Frost protection heat exchanger heat pump 8","","input",303,true,1,1,"","u8",false,0,0,0,false,""
633,"Frost protection heat exchanger heat pump 7","","input",304,true,1,1,"","u8",false,0,0,0,false,""
634,"Frost protection heat exchanger heat pump 6","","input",305,true,1,1,"","u8",false,0,0,0,false,""
635,"Frost protection heat exchanger heat pump 5","","input",306,true,1,1,"","u8",false,0,0,0,false,""
636,"Frost protection heat exchanger heat pump 4","","input",307,true,1,1,"","u8",false,0,0,0,false,""
637,"Frost protection heat exchanger heat pump 3","","input",308,true,1,1,"","u8",false,0,0,0,false,""
638,"Frost protection heat exchanger heat pump 2","","input",309,true,1,1,"","u8",false,0,0,0,false,""
666,"Available compressors heating","","input",317,true,1,1,"","u8",false,0,0,0,false,""
667,"Available compressors hot water","","input",318,true,1,1,"","u8",false,0,0,0,false,""
668,"Available compressors pool 1","","input",319,true,1,1,"","u8",false,0,0,0,false,""
669,"Available compressors pool 2","","input",320,true,1,1,"","u8",false,0,0,0,false,""
670,"Available compressors cooling","","input",321,true,1,1,"","u8",false,0,0,0,false,""
734,"Supply temperature (BT64)","","input",337,true,10,0.1,"°C","s16",false,0,0,0,false,""
736,"Heat pump functionality 2","","input",338,true,1,1,"","u32",false,0,0,0,false,""
764,"Status (S135)","","input",344,true,1,1,"","u8",false,0,0,0,false,""
765,"Status, demand, pump speed (S135)","","input",345,true,1,1,"","u8",false,0,0,0,false,""
766,"Status, demand, fan speed (S135)","","input",346,true,1,1,"","u8",false,0,0,0,false,""
767,"Status, solenoid (S135)","","input",347,true,1,1,"","u8",false,0,0,0,false,""
768,"Status, compressor, heater(S135)","","input",348,true,1,1,"","u8",false,0,0,0,false,""
770,"Status, compressor, demand (S135)","","input",350,true,1,1,"","u8",false,0,0,0,false,""
781,"Degree minutes","","holding",11,true,10,0.1,"DM","s32",true,-30000,30000,0,true,"settings/degreeminutes"
782,"Blocking (ERS 1)","","input",358,true,1,1,"","u8",false,0,0,0,false,""
783,"AZ30-EB17","","input",359,true,1,1,"","u8",false,0,0,0,false,""
786,"Supply line (S135-BT12)","","input",360,true,10,0.1,"°C","s16",false,0,0,0,false,""
787,"Return line (S135-BT13)","","input",361,true,10,0.1,"°C","s16",false,0,0,0,false,""
788,"Evaporator (S135-BT16)","","input",362,true,10,0.1,"°C","s16",false,0,0,0,false,""
789,"Defrosting sensor (S135-BT76)","","input",363,true,10,0.1,"°C","s16",false,0,0,0,false,""
790,"Incoming air (S135-BT77)","","input",364,true,10,0.1,"°C","s16",false,0,0,0,false,""
791,"Alarm number (S135)","","input",365,true,1,1,"","u16",false,0,0,0,false,""
792,"Defrosting (S135)","0 = No, 1 = Active, 2 = Passive","input",366,true,1,1,"","u8",false,0,0,0,false,""
793,"Status, relay 5 (S135)","","input",367,true,1,1,"","u8",false,0,0,0,false,""
794,"Status, relay 4 (S135)","","input",368,true,1,1,"","u8",false,0,0,0,false,""
795,"Status, relay 3 (S135)","","input",369,true,1,1,"","u8",false,0,0,0,false,""
796,"Status, relay 2 (S135)","","input",370,true,1,1,"","u8",false,0,0,0,false,""
797,"Status, relay 1 (S135)","","input",371,true,1,1,"","u8",false,0,0,0,false,""
798,"Status, relay 0 (S135)","","input",372,true,1,1,"","u8",false,0,0,0,false,""
799,"Pump speed (S135)","","input",373,true,1,1,"%","u8",false,0,0,0,false,""
800,"Selected fan speed","","input",374,true,1,1,"%","u8",false,0,0,0,false,""
802,"Version (S135)","","input",376,true,1,1,"","u16",false,0,0,0,false,""
818,"Seconds of blank time left, charge pump 8","","input",385,true,1,1,"","u8",false,0,0,0,false,""
819,"Seconds of blank time left, charge pump 7","","input",386,true,1,1,"","u8",false,0,0,0,false,""
820,"Seconds of blank time left, charge pump 6","","input",387,true,1,1,"","u8",false,0,0,0,false,""
821,"Seconds of blank time left, charge pump 5","","input",388,true,1,1,"","u8",false,0,0,0,false,""
822,"Seconds of blank time left, charge pump 4","","input",389,true,1,1,"","u8",false,0,0,0,false,""
823,"Seconds of blank time left, charge pump 3","","input",390,true,1,1,"","u8",false,0,0,0,false,""
824,"Seconds of blank time left, charge pump 2","","input",391,true,1,1,"","u8",false,0,0,0,false,""
825,"Seconds of blank time left, charge pump 1","","input",392,true,1,1,"","u8",false,0,0,0,false,""
832,"Alarm number from outdoor air heat pump (EB101)","","input",400,true,1,1,"","u8",false,0,0,0,true,"heatpump/alarmnumber"
834,"Fan speed (EB101)","","input",401,true,1,1,"rpm","u16",false,0,0,0,true,"heatpump/fanspeed"
835,"Max fan speed (EB101)","","input",402,true,1,1,"rpm","u16",false,0,0,0,false,""
836,"Min fan speed (EB101)","","input",403,true,1,1,"rpm","u16",false,0,0,0,false,""
837,"Max compressor speed (EB101)","","input",404,true,10,0.1,"Hz","u16",false,0,0,0,false,""
838,"Min compressor speed (EB101)","","input",405,true,10,0.1,"Hz","u16",false,0,0,0,false,""
839,"Generated power heating (EB101)","","input",406,true,10,0.1,"kW","u16",false,0,0,0,false,""
840,"Time to defrosting (EB101)","","input",407,true,1,1,"min","u16",false,0,0,0,true,"heatpump/timetodefrosting"
841,"Defrosting index (EB101)","","input",408,true,1,1,"","u16",false,0,0,0,true,"heatpump/defrostingindex"
842,"Superheat reference EEV (EB101)","","input",409,true,10,0.1,"°C","s16",false,0,0,0,false,""
843,"Superheat EEV (EB101)","","input",410,true,10,0.1,"°C","s16",false,0,0,0,false,""
844,"EEV-ssh-error (EB101)","","input",411,true,10,0.1,"°C","s16",false,0,0,0,false,""
845,"Superheat temp. reference EEV (EB101)","","input",412,true,10,0.1,"°C","s16",false,0,0,0,false,""
846,"Set point value EEV (EB101)","","input",413,true,10,0.1,"°C","s16",false,0,0,0,false,""
847,"EEV PV (EB101)","","input",414,true,10,0.1,"°C","s16",false,0,0,0,false,""
848,"EEV-te-error average open (EB101)","","input",415,true,10,0.1,"°C","s16",false,0,0,0,false,""
849,"Degree of opening EEV (EB101)","","input",416,true,1,1,"","u16",false,0,0,0,false,""
852,"EEV-ssh-error (EVI)(EB101)","","input",419,true,10,0.1,"°C","s16",false,0,0,0,false,""
856,"EEV-te-error average open in (EVI)(EB101)","","input",423,true,10,0.1,"°C","s16",false,0,0,0,false,""
884,"EVI pressure (EB108-EP14-BP11 dew)","","input",442,true,10,0.1,"°C","s16",false,0,0,0,false,""
886,"Fan status (EB108-EP14)","","input",444,true,1,1,"","u8",false,0,0,0,false,""
887,"Fan rpm (EB108-EP14)","","input",445,true,1,1,"rpm","u16",false,0,0,0,false,""
900,"EVI pressure (EB107-EP14-BP11 dew)","","input",458,true,10,0.1,"°C","s16",false,0,0,0,false,""
902,"Fan status (EB107-EP14)","","input",460,true,1,1,"","u8",false,0,0,0,false,""
903,"Fan rpm (EB107-EP14)","","input",461,true,1,1,"rpm","u16",false,0,0,0,false,""
916,"EVI pressure (EB106-EP14-BP11 dew)","","input",474,true,10,0.1,"°C","s16",false,0,0,0,false,""
918,"Fan status (EB106-EP14)","","input",476,true,1,1,"","u8",false,0,0,0,false,""
919,"Fan rpm (EB106-EP14)","","input",477,true,1,1,"rpm","u16",false,0,0,0,false,""
932,"EVI pressure (EB105-EP14-BP11 dew)","","input",490,true,10,0.1,"°C","s16",false,0,0,0,false,""
934,"Fan status (EB105-EP14)","","input",492,true,1,1,"","u8",false,0,0,0,false,""
935,"Fan rpm (EB105-EP14)","","input",493,true,1,1,"rpm","u16",false,0,0,0,false,""
948,"EVI pressure (EB104-EP14-BP11 dew)","","input",506,true,10,0.1,"°C","s16",false,0,0,0,false,""
950,"Fan status (EB104-EP14)","","input",508,true,1,1,"","u8",false,0,0,0,false,""
951,"Fan rpm (EB104-EP14)","","input",509,true,1,1,"rpm","u16",false,0,0,0,false,""
964,"EVI pressure (EB103-EP14-BP11 dew)","","input",522,true,10,0.1,"°C","s16",false,0,0,0,false,""
966,"Fan status (EB103-EP14)","","input",524,true,1,1,"","u8",false,0,0,0,false,""
967,"Fan rpm (EB103-EP14)","","input",525,true,1,1,"rpm","u16",false,0,0,0,false,""
980,"EVI pressure (EB102-EP14-BP11 dew)","","input",538,true,10,0.1,"°C","s16",false,0,0,0,false,""
982,"Fan status (EB102-EP14)","","input",540,true,1,1,"","u8",false,0,0,0,false,""
983,"Fan rpm (EB102-EP14)","","input",541,true,1,1,"rpm","u16",false,0,0,0,false,""
992,"Low press (EB101 BP8 dew)","","input",550,true,10,0.1,"°C","s16",false,0,0,0,true,"heatpump/lowpressdew"
993,"Hi press (EB101 BP9 dew)","","input",551,true,10,0.1,"°C","s16",false,0,0,0,true,"heatpump/highpressuretemperature"
994,"Injection (EB101-BT81)","","input",552,true,10,0.1,"°C","s16",false,0,0,0,true,"heatpump/injection"
995,"Pressure sensor, injection (EB101-BP11)","","input",553,true,10,0.1,"","s16",false,0,0,0,false,""
996,"EVI pressure (EB101-EP14-BP11 dew)","","input",554,true,10,0.1,"°C","s16",false,0,0,0,false,""
997,"Evaporator (EB101-BT84)","","input",555,true,10,0.1,"°C","s16",false,0,0,0,true,"heatpump/evaporatorout"
998,"Fan status (EB101-EP14)","","input",556,true,1,1,"","u8",false,0,0,0,false,""
999,"Fan rpm (EB101-EP14)","","input",557,true,1,1,"rpm","u16",false,0,0,0,false,""
1017,"High condenser out alarm (S135)","","input",575,true,1,1,"","u16",false,0,0,0,false,""
1018,"High condenser in alarm (S135)","","input",576,true,1,1,"","u16",false,0,0,0,false,""
1021,"Operating mode PV panels","","input",579,true,1,1,"","u8",false,0,0,0,false,""
1023,"EME lux mode without EME","","input",581,true,1,1,"","u8",false,0,0,0,false,""
1024,"Timer (EME)","","input",582,true,60,0.016666666666666666,"min","u16",false,0,0,0,false,""
1068,"Fan mode 4","","input",590,true,1,1,"%","u8",false,0,0,0,false,""
1069,"Fan mode 3","","input",591,true,1,1,"%","u8",false,0,0,0,false,""
1070,"Fan mode 2","","input",592,true,1,1,"%","u8",false,0,0,0,false,""
1076,"Is the compressor accessible","","input",593,true,1,1,"","u8",false,0,0,0,false,""
1179,"Permit (undefined)","","input",683,true,1,1,"","u8",false,0,0,0,false,""
1180,"Permit (undefined)","","input",684,true,1,1,"","u8",false,0,0,0,false,""
1181,"Permit (undefined)","","input",685,true,1,1,"","u8",false,0,0,0,false,""
1182,"Permit (OPT 10) additional heat","","input",686,true,1,1,"","u8",false,0,0,0,false,""
1183,"Permit ext. imm. heater step","","input",687,true,1,1,"","u8",false,0,0,0,false,""
1184,"Permit int. imm. heater step","","input",688,true,1,1,"","u8",false,0,0,0,false,""
1185,"Permit shunted additional heat","","input",689,true,1,1,"","u8",false,0,0,0,false,""
1186,"Permit prioritised additional heat","","input",690,true,1,1,"","u8",false,0,0,0,false,""
1187,"Permit (EB108-EP15)","","input",691,true,1,1,"","u8",false,0,0,0,false,""
1188,"Permit (EB107-EP15)","","input",692,true,1,1,"","u8",false,0,0,0,false,""
1189,"Permit (EB106-EP15)","","input",693,true,1,1,"","u8",false,0,0,0,false,""
1190,"Permit (EB105-EP15)","","input",694,true,1,1,"","u8",false,0,0,0,false,""
1191,"Permit (EB104-EP15)","","input",695,true,1,1,"","u8",false,0,0,0,false,""
1192,"Permit (EB103-EP15)","","input",696,true,1,1,"","u8",false,0,0,0,false,""
1193,"Permit (EB102-EP15)","","input",697,true,1,1,"","u8",false,0,0,0,false,""
1194,"Permit (EB101-EP15)","","input",698,true,1,1,"","u8",false,0,0,0,false,""
1195,"Permit (EB100-EP15)","","input",699,true,1,1,"","u8",false,0,0,0,false,""
1196,"Permit (EB108-EP14)","","input",700,true,1,1,"","u8",false,0,0,0,false,""
1197,"Permit (EB107-EP14)","","input",701,true,1,1,"","u8",false,0,0,0,false,""
1198,"Permit (EB106-EP14)","","input",702,true,1,1,"","u8",false,0,0,0,false,""
1199,"Permit (EB105-EP14)","","input",703,true,1,1,"","u8",false,0,0,0,false,""
1200,"Permit (EB104-EP14)","","input",704,true,1,1,"","u8",false,0,0,0,false,""
1201,"Permit (EB103-EP14)","","input",705,true,1,1,"","u8",false,0,0,0,false,""
1202,"Permit (EB102-EP14)","","input",706,true,1,1,"","u8",false,0,0,0,false,""
1203,"Permit (EB101-EP14)","","input",707,true,1,1,"","u8",false,0,0,0,false,""
1204,"Permit (EB100-EP14)","","input",708,true,1,1,"","u8",false,0,0,0,false,""
1205,"Smart energy source, priority 7, start DM","","input",709,true,1,1,"","s32",false,0,0,0,false,""
1206,"Smart energy source, priority 6, start DM","","input",711,true,1,1,"","s32",false,0,0,0,false,""
1207,"Smart energy source, priority 5, start DM","","input",713,true,1,1,"","s32",false,0,0,0,false,""
1208,"Smart energy source, priority 4, start DM","","input",715,true,1,1,"","s32",false,0,0,0,false,""
1209,"Smart energy source, priority 3, start DM","","input",717,true,1,1,"","s32",false,0,0,0,false,""
1210,"Smart energy source, priority 2, start DM","","input",719,true,1,1,"","s32",false,0,0,0,false,""
1211,"Smart energy source, priority 1, start DM","","input",721,true,1,1,"","s32",false,0,0,0,false,""
1212,"Smart energy source, priority 7, stop DM","","input",723,true,1,1,"","s32",false,0,0,0,false,""
1213,"Smart energy source, priority 6, stop DM","","input",725,true,1,1,"","s32",false,0,0,0,false,""
1214,"Smart energy source, priority 5, stop DM","","input",727,true,1,1,"","s32",false,0,0,0,false,""
1215,"Smart energy source, priority 4, stop DM","","input",729,true,1,1,"","s32",false,0,0,0,false,""
1216,"Smart energy source, priority 3, stop DM","","input",731,true,1,1,"","s32",false,0,0,0,false,""
1217,"Smart energy source, priority 2, stop DM","","input",733,true,1,1,"","s32",false,0,0,0,false,""
1218,"Smart energy source, priority 1, stop DM","","input",735,true,1,1,"","s32",false,0,0,0,false,""
1219,"Smart energy source, DM minimum value","","input",737,true,1,1,"","s32",false,0,0,0,false,""
1228,"External guide status","","input",745,true,1,1,"","u8",false,0,0,0,false,""
1229,"Test guide value","","input",746,true,1,1,"","u16",false,0,0,0,false,""
1233,"Temp. lux forces start of hot water demand","","input",747,true,1,1,"","u8",false,0,0,0,false,""
1255,"Wood boiler activated","","input",759,true,1,1,"","u8",false,0,0,0,false,""
1258,"Max fan speed (EB108-F21x0)","","input",762,true,1,1,"rpm","u16",false,0,0,0,false,""
1259,"Min fan speed (EB108)","","input",763,true,1,1,"rpm","u16",false,0,0,0,false,""
1267,"EEV-ssh-error (EB108)","","input",771,true,10,0.1,"°C","s16",false,0,0,0,false,""
1271,"EEV-te-error average open (EB108)","","input",775,true,10,0.1,"°C","s16",false,0,0,0,false,""
1275,"EEV-ssh-error (EVI)(EB108)","","input",779,true,10,0.1,"°C","s16",false,0,0,0,false,""
1279,"EEV-te-error average open (EVI)(EB108)","","input",783,true,10,0.1,"°C","s16",false,0,0,0,false,""
1283,"Max fan speed (EB107)","","input",787,true,1,1,"rpm","u16",false,0,0,0,false,""
1284,"Min fan speed (EB107)","","input",788,true,1,1,"rpm","u16",false,0,0,0,false,""
1292,"EEV-ssh-error (EB107)","","input",796,true,10,0.1,"°C","s16",false,0,0,0,false,""
1296,"EEV-te-error average open (EB107)","","input",800,true,10,0.1,"°C","s16",false,0,0,0,false,""
1300,"EEV-ssh-error (EVI)(EB107)","","input",804,true,10,0.1,"°C","s16",false,0,0,0,false,""
1304,"EEV-te-error average open (EVI)(EB107)","","input",808,true,10,0.1,"°C","s16",false,0,0,0,false,""
1308,"Max fan speed (EB106)","","input",812,true,1,1,"rpm","u16",false,0,0,0,false,""
1317,"EEV-ssh-error (EB106)","","input",821,true,10,0.1,"°C","s16",false,0,0,0,false,""
1321,"EEV-te-error average open (EB106)","","input",825,true,10,0.1,"°C","s16",false,0,0,0,false,""
1325,"EEV-ssh-error (EVI)(EB106)","","input",829,true,10,0.1,"°C","s16",false,0,0,0,false,""
1329,"EEV-te-error average open (EVI)(EB106)","","input",833,true,10,0.1,"°C","s16",false,0,0,0,false,""
1333,"Max fan speed (EB105)","","input",837,true,1,1,"rpm","u16",false,0,0,0,false,""
1334,"Min fan speed (EB105)","","input",838,true,1,1,"rpm","u16",false,0,0,0,false,""
1342,"EEV-ssh-error (EB105)","","input",846,true,10,0.1,"°C","s16",false,0,0,0,false,""
1346,"EEV-te-error average open (EB105)","","input",850,true,10,0.1,"°C","s16",false,0,0,0,false,""
1350,"EEV-ssh-error (EVI)(EB105)","","input",854,true,10,0.1,"°C","s16",false,0,0,0,false,""
1354,"EEV-te-error average open (EVI)(EB105)","","input",858,true,10,0.1,"°C","s16",false,0,0,0,false,""
1358,"Max fan speed (EB104)","","input",862,true,1,1,"rpm","u16",false,0,0,0,false,""
1359,"Min fan speed (EB104)","","input",863,true,1,1,"rpm","u16",false,0,0,0,false,""
1367,"EEV-ssh-error (EB104)","","input",871,true,10,0.1,"°C","s16",false,0,0,0,false,""
1371,"EEV-te-error average open (EB104)","","input",875,true,10,0.1,"°C","s16",false,0,0,0,false,""
1375,"EEV-ssh-error (EVI)(EB104)","","input",879,true,10,0.1,"°C","s16",false,0,0,0,false,""
1379,"EEV-te-error average open (EVI)(EB104)","","input",883,true,10,0.1,"°C","s16",false,0,0,0,false,""
1383,"Max fan speed (EB103)","","input",887,true,1,1,"rpm","u16",false,0,0,0,false,""
1384,"Min fan speed (EB103)","","input",888,true,1,1,"rpm","u16",false,0,0,0,false,""
1392,"EEV-ssh-error (EB103)","","input",896,true,10,0.1,"°C","s16",false,0,0,0,false,""
1396,"EEV-te-error average open (EB103)","","input",900,true,10,0.1,"°C","s16",false,0,0,0,false,""
1400,"EEV-ssh-error (EVI)(EB103)","","input",904,true,10,0.1,"°C","s16",false,0,0,0,false,""
1404,"EEV-te-error average open (EVI)(EB103)","","input",908,true,10,0.1,"°C","s16",false,0,0,0,false,""
1407,"Fan speed (EB102)","","input",911,true,1,1,"rpm","u16",false,0,0,0,false,""
1408,"Max fan speed (EB102)","","input",912,true,1,1,"rpm","u16",false,0,0,0,false,""
1409,"Min fan speed (EB102)","","input",913,true,1,1,"rpm","u16",false,0,0,0,false,""
1417,"EEV-ssh-error (EB102)","","input",921,true,10,0.1,"°C","s16",false,0,0,0,false,""
1421,"EEV-te-error average open (EB102)","","input",925,true,10,0.1,"°C","s16",false,0,0,0,false,""
1425,"EEV-ssh-error (EVI)(EB102)","","input",929,true,10,0.1,"°C","s16",false,0,0,0,false,""
1429,"EEV-te-error average open (EVI)(EB102)","","input",933,true,10,0.1,"°C","s16",false,0,0,0,false,""
1493,"Smart energy source, priority select. in hot water","0 = Compressor, 1 = OPT10, 2 = Internal add heat","input",991,true,1,1,"","u8",false,0,0,0,false,""
1494,"Outd. air heat pump, inverter, limits","","input",992,true,1,1,"","u8",false,0,0,0,false,""
1495,"Outd. air heat pump, inverter, speed reducing","","input",993,true,1,1,"","u8",false,0,0,0,false,""
1510,"Has one phase (EB101)","","input",1008,true,1,1,"","u8",false,0,0,0,false,""
1511,"Serial index (EB101)","","input",1009,true,1,1,"","u8",false,0,0,0,false,""
1704,"Limit DM","","holding",18,true,10,0.1,"DM","s16",true,-30000,30000,0,false,""
1708,"Calculated supply climate system 1","","input",1017,true,10,0.1,"°C","s16",false,0,0,0,false,""
1709,"Class 1 alarm","","input",2195,true,1,1,"","u8",false,0,0,0,true,"alarm/class1"
1710,"Frost protection status","1 = Frost prot active","input",1018,true,1,1,"","u16",false,0,0,0,false,""
1716,"Cooling status","","input",1019,true,1,1,"","u8",false,0,0,0,false,""
1755,"Total run time additional heat","","input",1025,true,10,0.1,"h","s32",false,0,1000000,0,false,""
1758,"Priority","","input",1028,true,1,1,"","u8",false,0,0,0,false,""
1760,"Operating mode internal add. heat","","input",1029,true,1,1,"","u8",false,0,0,0,false,""
1762,"Oper. mode shunt climate system 4","","input",1030,true,1,1,"","u8",false,0,0,0,false,""
1763,"Oper. mode shunt climate system 3","","input",1031,true,1,1,"","u8",false,0,0,0,false,""
1764,"Oper. mode shunt climate system 2","","input",1032,true,1,1,"","u8",false,0,0,0,false,""
1765,"Oper. mode shunt climate system 1","","input",1033,true,1,1,"","u8",false,0,0,0,false,""
1766,"Operating. mode shunt controlled additional heat","","input",1034,true,1,1,"","u8",false,0,0,0,false,""
1776,"Fan mode 1","","input",1037,true,1,1,"%","u8",false,0,0,0,false,""
1777,"Current HW mode without SPA/SC","","input",1038,true,1,1,"","s8",false,0,0,0,false,""
1810,"Blocking cooling","","input",1053,true,1,1,"","u8",false,0,0,0,false,""
1816,"External adjustment climate system 4","","input",1054,true,1,1,"","u8",false,0,0,0,false,""
1817,"External adjustment climate system 3","","input",1055,true,1,1,"","u8",false,0,0,0,false,""
1818,"External adjustment climate system 2","","input",1056,true,1,1,"","u8",false,0,0,0,false,""
1820,"External blocking","0 = Inactive, 1 = Active","input",1058,true,1,1,"","u8",false,0,0,0,false,""
1821,"Blocked","","input",1059,true,1,1,"","u8",false,0,0,0,false,""
1827,"Step controlled add. heat blocking","0 = Inactive, 1 = Active","input",1062,true,1,1,"","u8",false,0,0,0,false,""
1829,"Hot water circulation (GP11)","1 = On, 0 = Off","input",1063,true,1,1,"","u8",false,0,0,0,false,""
1838,"External heating medium pump (GP10) status","1 = On, 0 = Off","input",1066,true,1,1,"","u8",false,0,0,0,true,"system/heatingmediumpump"
1942,"More hot water status","","input",1078,true,1,1,"","u8",false,0,0,0,false,""
1947,"Relay status (HPAC)","","input",1079,true,1,1,"","u8",false,0,0,0,false,""
1948,"Holiday function status","","holding",19,true,1,1,"","s8",false,0,0,0,false,""
1999,"Docked compressors heating","","input",1108,true,1,1,"","u8",false,0,0,0,true,"heatpump/dockedcompressorsheating"
2000,"Docked compressors hot water","","input",1109,true,1,1,"","u8",false,0,0,0,true,"heatpump/dockedcompressorshotwater"
2001,"Docked compressors pool 1","","input",1110,true,1,1,"","u8",false,0,0,0,false,""
2002,"Diverter valve hot water (QN10)","0 = Heating, 1 = Hot water","input",2196,true,1,1,"","u8",false,0,0,0,true,"system/divertervalve"
2016,"Relay status, imm. heat. board (EB100-EP14)","","input",1119,true,1,1,"","u16",false,0,0,0,false,""
2022,"Current status","","input",1120,true,1,1,"","u32",false,0,0,0,false,""
2023,"Functionality, heat pump (EP14)","","input",1122,true,1,1,"","u32",false,0,0,0,false,""
2024,"Active heat pumps","","input",1124,true,1,1,"","u16",false,0,0,0,false,""
2025,"Functionality, heat pump (EP15)","","input",1125,true,1,1,"","u32",false,0,0,0,false,""
2038,"Operating mode HW comfort","10 = Shunt off, 20 = Shunt open, 30 = Shunt closed","input",1129,true,1,1,"","u8",false,0,0,0,false,""
2039,"Operating mode HW comfort additional heat","1 = On, 0 = Off","input",1130,true,1,1,"","u8",false,0,0,0,false,""
2042,"Blocked","","input",1131,true,1,1,"","u8",false,0,0,0,false,""
2043,"Blocked","","input",1132,true,1,1,"","u8",false,0,0,0,false,""
2045,"Pool 2 (QN19)","","input",1133,true,1,1,"","u8",false,0,0,0,false,""
2046,"Pool 1 (QN19)","","input",1134,true,1,1,"","u8",false,0,0,0,false,""
2059,"Docked compressors pool 2","","input",1135,true,1,1,"","u8",false,0,0,0,false,""
2453,"Version (EB101)","","input",1451,true,1,1,"","u16",false,0,0,0,false,""
2471,"Heat pump type (EB101)","","input",1452,true,1,1,"","u8",false,0,0,0,false,""
2472,"Compressor size (EB101)","","input",1453,true,1,1,"","u8",false,0,0,0,true,"heatpump/compressorsize"
2491,"Return line (EB101-BT3)","","input",1475,true,10,0.1,"°C","s16",false,0,0,0,true,"heatpump/returnline"
2494,"Condenser sensor supply line (EB101-BT12)","","input",1478,true,10,0.1,"°C","s16",false,0,0,0,true,"heatpump/supplyline"
2495,"Discharge (EB101-BT14)","","input",1479,true,10,0.1,"°C","s16",false,0,0,0,true,"heatpump/discharge"
2496,"Liquid line (EB101-BT15)","","input",1480,true,10,0.1,"°C","s16",false,0,0,0,true,"heatpump/liquidline"
2497,"Suction gas (EB101-BT17)","","input",1481,true,10,0.1,"°C","s16",false,0,0,0,true,"heatpump/suctiongas"
2498,"Compressor sensor (EB101-BT29)","","input",1482,true,10,0.1,"°C","s16",false,0,0,0,false,""
2500,"Compressor status (EB101)","20 = Stopped, 40 = Starting, 60 = Running, 100 = Stopping","input",1484,true,1,1,"","u8",false,0,0,0,false,""
2501,"Compressor, time to start (EB101-EP14)","","input",1485,true,1,1,"min","u8",false,0,0,0,true,"heatpump/compressortimetostart"
2502,"Relay status (EB101-EP14)","","input",1486,true,1,1,"","u16",false,0,0,0,false,""
2505,"Compressor, number of starts (EB101-EP14)","","input",1489,true,1,1,"","u32",false,0,2147483647,0,true,"heatpump/compressorstarts"
2506,"Compressor, oper. time, total (EB101-EP14)","","input",1491,true,1,1,"h","u32",false,-2147483648,2147483647,0,true,"heatpump/compressoroperatingtime"
2507,"Compressor, oper. time, hot water (EB101-EP14)","","input",1493,true,1,1,"h","u32",false,-2147483648,2147483647,0,true,"heatpump/compressoroperatingtimehotwater"
2508,"Alarm number (EB101-EP14)","","input",1495,true,1,1,"","u16",false,0,0,0,true,"heatpump/compressoralarmnumber"
2509,"Version (EB100)","","input",1496,true,1,1,"","u16",false,0,0,0,false,""
2527,"Heat pump type (EB100)","","input",1497,true,1,1,"","u8",false,0,0,0,false,""
2528,"Compressor size (EB100)","","input",1498,true,1,1,"","u8",false,0,0,0,false,""
2544,"Compressor, oper. time, total (EB100-EP15)","","input",1515,true,1,1,"h","u32",false,0,0,0,false,""
2545,"Compressor, oper. time, hot water (EB100-EP15)","","input",1517,true,1,1,"h","u32",false,0,0,0,false,""
2547,"Return line (EB100-BT3)","","input",1520,true,10,0.1,"°C","s16",false,0,0,0,false,""
2548,"Brine in (EB100-BT10)","","input",1521,true,10,0.1,"°C","s16",false,0,0,0,false,""
2549,"Brine out (EB100-BT11)","","input",1522,true,10,0.1,"°C","s16",false,0,0,0,false,""
2550,"Condenser (EB100-BT2)","","input",1523,true,10,0.1,"°C","s16",false,0,0,0,false,""
2551,"Discharge (EB100-BT14)","","input",1524,true,10,0.1,"°C","s16",false,0,0,0,false,""
2552,"Liquid line (EB100-BT15)","","input",1525,true,10,0.1,"°C","s16",false,0,0,0,false,""
2553,"Suction gas (EB100-BT17)","","input",1526,true,10,0.1,"°C","s16",false,0,0,0,false,""
2554,"Compressor sensor (EB100-BT29)","","input",1527,true,10,0.1,"°C","s16",false,0,0,0,false,""
2555,"Low press (EB100-BP8)","","input",1528,true,10,0.1,"°C","s16",false,0,0,0,false,""
2556,"Compressor status (EB100)","20 = Stopped, 40 = Starting, 60 = Running, 100 = Stopping","input",1529,true,1,1,"","u8",false,0,0,0,false,""
2557,"Compressor, time to start (EB100-EP14)","","input",1530,true,1,1,"min","u8",false,0,0,0,false,""
2558,"Relay status (EB100-EP14)","","input",1531,true,1,1,"","u16",false,0,0,0,false,""
2559,"Heating medium pump (EB100)","","input",1532,true,1,1,"%","u8",false,0,0,0,false,""
2560,"Brine pump (EB100)","","input",1533,true,1,1,"%","u8",false,0,0,0,false,""
2561,"Compressor, number of starts (EB100-EP14)","","input",1534,true,1,1,"","u32",false,0,0,0,false,""
2562,"Compressor, oper. time, total (EB100-EP14)","","input",1536,true,1,1,"h","u32",false,0,0,0,false,""
2563,"Compressor, oper. time, hot water (EB100-EP14)","","input",1538,true,1,1,"h","u32",false,0,0,0,false,""
2565,"Compressor, requested (EB108-EP15)","0 = Off, 1 = Heating, 2 = Hot water, 3 = Pool 1, 4 = Pool 2, 5 = External control","input",1541,true,1,1,"","u8",false,0,0,0,false,""
2566,"Compressor, requested (EB108-EP14)","0 = Off, 1 = Heating, 2 = Hot water, 3 = Pool 1, 4 = Pool 2, 5 = External control","input",1542,true,1,1,"","u8",false,0,0,0,false,""
2578,"Compressor, requested (EB107-EP15)","0 = Off, 1 = Heating, 2 = Hot water, 3 = Pool 1, 4 = Pool 2, 5 = External control","input",1543,true,1,1,"","u8",false,0,0,0,false,""
2579,"Compressor, requested (EB107-EP14)","0 = Off, 1 = Heating, 2 = Hot water, 3 = Pool 1, 4 = Pool 2, 5 = External control","input",1544,true,1,1,"","u8",false,0,0,0,false,""
2591,"Compressor, requested (EB106-EP15)","0 = Off, 1 = Heating, 2 = Hot water, 3 = Pool 1, 4 = Pool 2, 5 = External control","input",1545,true,1,1,"","u8",false,0,0,0,false,""
2592,"Compressor, requested (EB106-EP14)","0 = Off, 1 = Heating, 2 = Hot water, 3 = Pool 1, 4 = Pool 2, 5 = External control","input",1546,true,1,1,"","u8",false,0,0,0,false,""
2604,"Compressor, requested (EB105-EP15)","0 = Off, 1 = Heating, 2 = Hot water, 3 = Pool 1, 4 = Pool 2, 5 = External control","input",1547,true,1,1,"","u8",false,0,0,0,false,""
2605,"Compressor, requested (EB105-EP14)","0 = Off, 1 = Heating, 2 = Hot water, 3 = Pool 1, 4 = Pool 2, 5 = External control","input",1548,true,1,1,"","u8",false,0,0,0,false,""
2617,"Compressor, requested (EB104-EP15)","0 = Off, 1 = Heating, 2 = Hot water, 3 = Pool 1, 4 = Pool 2, 5 = External control","input",1549,true,1,1,"","u8",false,0,0,0,false,""
2618,"Compressor, requested (EB104-EP14)","0 = Off, 1 = Heating, 2 = Hot water, 3 = Pool 1, 4 = Pool 2, 5 = External control","input",1550,true,1,1,"","u8",false,0,0,0,false,""
2630,"Compressor, requested (EB103-EP15)","0 = Off, 1 = Heating, 2 = Hot water, 3 = Pool 1, 4 = Pool 2, 5 = External control","input",1551,true,1,1,"","u8",false,0,0,0,false,""
2631,"Compressor, requested (EB103-EP14)","0 = Off, 1 = Heating, 2 = Hot water, 3 = Pool 1, 4 = Pool 2, 5 = External control","input",1552,true,1,1,"","u8",false,0,0,0,false,""
2643,"Compressor, requested (EB102-EP15)","0 = Off, 1 = Heating, 2 = Hot water, 3 = Pool 1, 4 = Pool 2, 5 = External control","input",1553,true,1,1,"","u8",false,0,0,0,false,""
2644,"Compressor, requested (EB102-EP14)","0 = Off, 1 = Heating, 2 = Hot water, 3 = Pool 1, 4 = Pool 2, 5 = External control","input",1554,true,1,1,"","u8",false,0,0,0,false,""
2656,"Compressor, requested (EB101-EP15)","0 = Off, 1 = Heating, 2 = Hot water, 3 = Pool 1, 4 = Pool 2, 5 = External control","input",1555,true,1,1,"","u8",false,0,0,0,false,""
2657,"Compressor, requested (EB101-EP14)","0 = Off, 1 = Heating, 2 = Hot water, 3 = Pool 1, 4 = Pool 2, 5 = External control","input",1556,true,1,1,"","u8",false,0,0,0,true,"heatpump/compressorrequested"
2683,"Cooling blocking","","input",1559,true,1,1,"","u8",false,0,0,0,false,""
2685,"Date, periodic hot water","","input",1561,true,1,1,"","unknown",false,0,0,0,false,""
2688,"Blocked compressors","","input",2174,true,1,1,"","u32",false,0,0,0,false,""
2691,"Cooling degree minutes","","holding",20,true,10,0.1,"DM","s16",true,-30000,30000,0,true,"settings/degreeminutescooling"
2701,"Status (ACS)","","input",1568,true,1,1,"","u8",false,0,0,0,false,""
2702,"Status, heating dumping (ACS)","","input",1569,true,1,1,"","u8",false,0,0,0,false,""
2703,"Status, cooling dumping (ACS)","","input",1570,true,1,1,"","u8",false,0,0,0,false,""
2706,"Used compressors hot water","","input",1571,true,1,1,"","u8",false,0,0,0,false,""
2707,"Used compressors heating","","input",1572,true,1,1,"","u8",false,0,0,0,false,""
2708,"Used compressors pool 1","","input",1573,true,1,1,"","u8",false,0,0,0,false,""
2709,"Used compressors pool 2","","input",1574,true,1,1,"","u8",false,0,0,0,false,""
2729,"Used compressors cooling","","input",1588,true,1,1,"","u8",false,0,0,0,false,""
2766,"Outdoor temperature (EB101-BT28)","","input",1621,true,10,0.1,"°C","s16",false,0,0,0,true,"heatpump/outdoortemperature"
2767,"Evaporator (EB101-BT16)","","input",1622,true,10,0.1,"°C","s16",false,0,0,0,true,"heatpump/evaporator"
2768,"(EB100-EP15-BT28)","","input",1623,true,10,0.1,"°C","s16",false,0,0,0,false,""
2769,"(EB100-EP15-BT16)","","input",1624,true,10,0.1,"°C","s16",false,0,0,0,false,""
2770,"(EB100-EP14-BT28)","","input",1625,true,10,0.1,"°C","s16",false,0,0,0,false,""
2771,"(EB100-EP14-BT16)","","input",1626,true,10,0.1,"°C","s16",false,0,0,0,false,""
2792,"Charge pump speed (EB101-GP12)","","input",1636,true,1,1,"%","u8",false,0,0,0,true,"heatpump/chargepumpspeed"
2804,"Frost protection heat exchanger heat pump 1","","input",1638,true,1,1,"","u8",false,0,0,0,false,""
2854,"Bit register (EB100)","","input",1687,true,1,1,"","u8",false,0,0,0,false,""
2855,"Controlling hot water sensor (EB100-BT6)","","input",1688,true,10,0.1,"°C","s16",false,0,0,0,false,""
2856,"Display hot water sensor (EB100-BT7)","","input",1689,true,10,0.1,"°C","s16",false,0,0,0,false,""
2857,"Supply temperature sensor (EB100-BT2)","","input",1690,true,10,0.1,"°C","s16",false,0,0,0,false,""
2858,"Compressor status (EB100-EP15)","1 = On, 0 = Off","input",1691,true,1,1,"","u8",false,0,0,0,false,""
2859,"Compressor status (EB100-EP14)","1 = On, 0 = Off","input",1692,true,1,1,"","u8",false,0,0,0,false,""
2879,"Operating mode extra additional heat","0 = Off, 1 = On","input",1693,true,1,1,"","u8",false,0,0,0,false,""
2882,"Docked compressors cooling","","input",1694,true,1,1,"","u8",false,0,0,0,false,""
2883,"BP4, unprocessed (EB108-EP15)","","input",1695,true,1,1,"","s16",false,0,0,0,false,""
2885,"Low pressure (EB108-EP15--BP8)","","input",1697,true,10,0.1,"bar","s16",false,0,0,0,false,""
2887,"Prot. status (EB108-EP15)","","input",1699,true,1,1,"","u16",false,0,0,0,false,""
2888,"Defrosting (EB108-EP15)","0 = No, 1 = Active, 2 = Passive","input",1700,true,1,1,"","u8",false,0,0,0,false,""
2897,"BP4, unprocessed (EB108-EP14)","","input",1702,true,1,1,"","s16",false,0,0,0,false,""
2902,"Defrosting (EB108)","0 = No, 1 = Active, 2 = Passive","input",1707,true,1,1,"","u8",false,0,0,0,false,""
2911,"BP4, unprocessed (EB107-EP15)","","input",1709,true,1,1,"","s16",false,0,0,0,false,""
2913,"Low pressure (EB107-EP15--BP8)","","input",1711,true,10,0.1,"bar","s16",false,0,0,0,false,""
2915,"Prot. status (EB107-EP15)","","input",1713,true,1,1,"","u16",false,0,0,0,false,""
2916,"Defrosting (EB107-EP15)","0 = No, 1 = Active, 2 = Passive","input",1714,true,1,1,"","u8",false,0,0,0,false,""
2919,"Power (EB107-EP15)","","input",1715,true,1,1,"kW","u8",false,0,0,0,false,""
2925,"BP4, unprocessed (EB107-EP14)","","input",1716,true,1,1,"","s16",false,0,0,0,false,""
2930,"Defrosting (EB107)","0 = No, 1 = Active, 2 = Passive","input",1721,true,1,1,"","u8",false,0,0,0,false,""
2933,"Power (EB107-EP14)","","input",1722,true,1,1,"kW","u8",false,0,0,0,false,""
2939,"BP4, unprocessed (EB106-EP15)","","input",1723,true,1,1,"","s16",false,0,0,0,false,""
2941,"Low pressure (EB106-EP15--BP8)","","input",1725,true,10,0.1,"bar","s16",false,0,0,0,false,""
2943,"Prot. status (EB106-EP15)","","input",1727,true,1,1,"","u16",false,0,0,0,false,""
2944,"Defrosting (EB106-EP15)","0 = No, 1 = Active, 2 = Passive","input",1728,true,1,1,"","u8",false,0,0,0,false,""
2947,"Power (EB106-EP15)","","input",1729,true,1,1,"kW","u8",false,0,0,0,false,""
2953,"BP4, unprocessed (EB106-EP14)","","input",1730,true,1,1,"","s16",false,0,0,0,false,""
2958,"Defrosting (EB106)","0 = No, 1 = Active, 2 = Passive","input",1735,true,1,1,"","u8",false,0,0,0,false,""
2961,"Power (EB106-EP14)","","input",1736,true,1,1,"kW","u8",false,0,0,0,false,""
2967,"BP4, unprocessed (EB105-EP15)","","input",1737,true,1,1,"","s16",false,0,0,0,false,""
2969,"Low pressure (EB105-EP15--BP8)","","input",1739,true,10,0.1,"bar","s16",false,0,0,0,false,""
2971,"Prot. status (EB105-EP15)","","input",1741,true,1,1,"","u16",false,0,0,0,false,""
2972,"Defrosting (EB105-EP15)","0 = No, 1 = Active, 2 = Passive","input",1742,true,1,1,"","u8",false,0,0,0,false,""
2975,"Power (EB105-EP15)","","input",1743,true,1,1,"kW","u8",false,0,0,0,false,""
2981,"BP4, unprocessed (EB105-EP14)","","input",1744,true,1,1,"","s16",false,0,0,0,false,""
2986,"Defrosting (EB105)","0 = No, 1 = Active, 2 = Passive","input",1749,true,1,1,"","u8",false,0,0,0,false,""
2989,"Power (EB105-EP15)","","input",1750,true,1,1,"kW","u8",false,0,0,0,false,""
2995,"BP4, unprocessed (EB104-EP15)","","input",1751,true,1,1,"","s16",false,0,0,0,false,""
2997,"Low pressure (EB104-EP15--BP8)","","input",1753,true,10,0.1,"bar","s16",false,0,0,0,false,""
2999,"Prot. status (EB104-EP15)","","input",1755,true,1,1,"","u16",false,0,0,0,false,""
3025,"Low pressure (EB103-EP15--BP8)","","input",1767,true,10,0.1,"bar","s16",false,0,0,0,false,""
3037,"BP4, unprocessed (EB103-EP14)","","input",1772,true,1,1,"","s16",false,0,0,0,false,""
3042,"Defrosting (EB103)","0 = No, 1 = Active, 2 = Passive","input",1777,true,1,1,"","u8",false,0,0,0,false,""
3045,"Power (EB103-EP14)","","input",1778,true,1,1,"kW","u8",false,0,0,0,false,""
3051,"BP4, unprocessed (EB102-EP15)","","input",1779,true,1,1,"","s16",false,0,0,0,false,""
3053,"Low pressure (EB102-EP15--BP8)","","input",1781,true,10,0.1,"bar","s16",false,0,0,0,false,""
3055,"Prot. status (EB102-EP15)","","input",1783,true,1,1,"","u16",false,0,0,0,false,""
3056,"Defrosting (EB102-EP15)","0 = No, 1 = Active, 2 = Passive","input",1784,true,1,1,"","u8",false,0,0,0,false,""
3059,"Power (EB102-EP15)","","input",1785,true,1,1,"kW","u8",false,0,0,0,false,""
3065,"BP4, unprocessed (EB102-EP14)","","input",1786,true,1,1,"","s16",false,0,0,0,false,""
3070,"Defrosting (EB102)","0 = No, 1 = Active, 2 = Passive","input",1791,true,1,1,"","u8",false,0,0,0,false,""
3073,"Power (EB102-EP14)","","input",1792,true,1,1,"kW","u8",false,0,0,0,false,""
3079,"BP4, unprocessed (EB101-EP15)","","input",1793,true,1,1,"","s16",false,0,0,0,false,""
3081,"Low pressure (EB101-EP15-BP8)","","input",1795,true,10,0.1,"bar","s16",false,0,0,0,false,""
3083,"Prot. status (EB101-EP15)","","input",1797,true,1,1,"","u16",false,0,0,0,false,""
3084,"Defrosting (EB101-EP15)","0 = No, 1 = Active, 2 = Passive","input",1798,true,1,1,"","u8",false,0,0,0,false,""
3087,"Power (EB101-EP15)","","input",1799,true,1,1,"kW","u8",false,0,0,0,false,""
3093,"BP4, unprocessed (EB101-EP14)","","input",1800,true,1,1,"","s16",false,0,0,0,false,""
3095,"Low pressure (EB101-BP8)","","input",1802,true,10,0.1,"bar","s16",false,0,0,0,true,"heatpump/lowpressure"
3096,"Current compressor frequency (EB101)","","input",1803,true,10,0.1,"Hz","s16",false,0,0,0,true,"heatpump/currentcompressorfrequency"
3097,"Protection mode (EB101)","","input",1804,true,1,1,"","u16",false,0,0,0,false,""
3098,"Defrosting (EB101)","0 = No, 1 = Active, 2 = Passive","input",1805,true,1,1,"","u8",false,0,0,0,true,"heatpump/defrosting"
3101,"Power (EB101-EP14)","","input",1806,true,1,1,"kW","u8",false,0,0,0,false,""
3107,"BP4, unprocessed (EB100-EP15)","","input",1807,true,1,1,"","s16",false,0,0,0,false,""
3108,"Pressure sensor, condenser (EB100-EP15-BP4)","","input",1808,true,10,0.1,"bar","s16",false,0,0,0,false,""
3109,"Low pressure (EB100-EP15-BP8)","","input",1809,true,10,0.1,"bar","s16",false,0,0,0,false,""
3111,"Prot. status (EB100-EP15)","","input",1811,true,1,1,"","u16",false,0,0,0,false,""
3112,"Defrosting (EB100-EP15)","0 = No, 1 = Active, 2 = Passive","input",1812,true,1,1,"","u8",false,0,0,0,false,""
3115,"Power (EB100-EP15)","","input",1813,true,1,1,"kW","u8",false,0,0,0,false,""
3121,"BP4, unprocessed (EB100-EP14)","","input",1814,true,1,1,"","s16",false,0,0,0,false,""
3122,"Pressure sensor, condenser (EB100-EP14-BP4)","","input",1815,true,10,0.1,"bar","s16",false,0,0,0,false,""
3123,"Low pressure (EB100-EP14-BP8)","","input",1816,true,10,0.1,"bar","s16",false,0,0,0,false,""
3125,"Prot. status (EB100-EP14)","","input",1818,true,1,1,"","u16",false,0,0,0,false,""
3126,"Defrosting (EB100-EP14)","0 = No, 1 = Active, 2 = Passive","input",1819,true,1,1,"","u8",false,0,0,0,false,""
3129,"Power (EB100-EP14)","","input",1820,true,1,1,"kW","u8",false,0,0,0,false,""
3139,"Climate system 4","","input",1823,true,1,1,"","u8",false,0,0,0,false,""
3140,"Climate system 3","","input",1824,true,1,1,"","u8",false,0,0,0,false,""
3141,"Climate system 2","","input",1825,true,1,1,"","u8",false,0,0,0,false,""
3142,"Climate system 1 (HMP)","","input",1826,true,1,1,"","u8",false,0,0,0,false,""
3143,"Pool 2 pump status","1 = On, 0 = Off","input",1827,true,1,1,"","u8",false,0,0,0,false,""
3144,"Pool 1 pump status","1 = On, 0 = Off","input",1828,true,1,1,"","u8",false,0,0,0,false,""
3146,"ACS EQ1-QN12","","input",1830,true,1,1,"","u8",false,0,0,0,false,""
3147,"ACS EQ1-GP20","","input",1831,true,1,1,"","u8",false,0,0,0,false,""
3149,"Passive cooling pump (GP13)","","input",1833,true,1,1,"","u8",false,0,0,0,false,""
3151,"Oper. mode groundwater pump","","input",1835,true,1,1,"","u8",false,0,0,0,false,""
3153,"Alarm number (EB100-EP15)","","input",1837,true,1,1,"","u16",false,0,0,0,false,""
3154,"Alarm number (EB100-EP14)","","input",1838,true,1,1,"","u16",false,0,0,0,false,""
3155,"Requested compressor frequency (EB108-EP15)","","input",1839,true,1,1,"Hz","u8",false,0,0,0,false,""
3157,"Requested compressor frequency (EB107-EP15)","","input",1841,true,1,1,"Hz","u8",false,0,0,0,false,""
3159,"Requested compressor frequency (EB106-EP15)","","input",1843,true,1,1,"Hz","u8",false,0,0,0,false,""
3161,"Requested compressor frequency (EB105-EP15)","","input",1845,true,1,1,"Hz","u8",false,0,0,0,false,""
3163,"Requested compressor frequency (EB104-EP15)","","input",1847,true,1,1,"Hz","u8",false,0,0,0,false,""
3165,"Requested compressor frequency (EB103-EP15)","","input",1849,true,1,1,"Hz","u8",false,0,0,0,false,""
3167,"Requested compressor frequency (EB102-EP15)","","input",1851,true,1,1,"Hz","u8",false,0,0,0,false,""
3169,"Requested compressor frequency (EB101-EP15)","","input",1853,true,1,1,"Hz","u8",false,0,0,0,false,""
3170,"Requested compressor frequency (EB101)","","input",1854,true,1,1,"Hz","u8",false,0,0,0,true,"heatpump/eb101/requestedcompressorfrequency"
3171,"Requested compressor frequency (EP15)","","input",1855,true,1,1,"Hz","u8",false,0,0,0,false,""
3172,"Requested compressor frequency","","input",1856,true,1,1,"Hz","u8",false,0,0,0,false,""
3173,"Operating mode, shunt controlled brine (QN41)","10 = Shunt off, 20 = Shunt open, 30 = Shunt closed","input",2410,true,1,1,"","u8",false,0,0,0,false,""
3251,"Low-pr. sens, unprocessed (EB101-EP14)","","input",1902,true,1,1,"","s16",false,0,0,0,false,""
3252,"Current (EB101-EP14)","","input",1903,true,10,0.1,"A","s16",false,0,0,0,false,""
3254,"Low-pr. sens, unprocessed (EB100-EP15)","","input",1905,true,1,1,"","s16",false,0,0,0,false,""
3255,"Current (EB100-EP15)","","input",1906,true,10,0.1,"A","s16",false,0,0,0,false,""
3257,"Low-pr. sens, unprocessed (EB100-EP14)","","input",1908,true,1,1,"","s16",false,0,0,0,false,""
3258,"Current (EB100-EP14)","","input",1909,true,10,0.1,"A","s16",false,0,0,0,false,""
3281,"Hot water mode (SPA)","0 = Small, 1 = Medium, 2 = Large, 10 = Medium, 20 = Mini","input",1915,true,1,1,"","s8",false,0,0,0,false,""
3282,"Pool offset (SPA)","","input",1916,true,1,1,"","s8",false,0,0,0,false,""
3283,"Cooling offset (SPA)","","input",1917,true,1,1,"","s8",false,0,0,0,false,""
3292,"Operating mode (Smart Price Adaption)","","input",1918,true,1,1,"","u8",false,0,0,0,false,""
3353,"Temperature, inverter (EB101-EP14)","","input",1967,true,10,0.1,"°C","s16",false,0,0,0,false,""
3354,"fan speed (EB101-EP14)","","input",1968,true,1,1,"","u8",false,0,0,0,false,""
3355,"Evaporator 2 (EB100-EP15-BT16)","","input",1969,true,10,0.1,"°C","s16",false,0,0,0,false,""
3356,"Temperature, inverter (EB100-EP15)","","input",1970,true,10,0.1,"°C","s16",false,0,0,0,false,""
3357,"fan speed (EB100-EP15)","","input",1971,true,1,1,"","u8",false,0,0,0,false,""
3358,"Evaporator 2 (EB100-EP14-BT16)","","input",1972,true,10,0.1,"°C","s16",false,0,0,0,false,""
3359,"Temperature, inverter (EB100-EP14)","","input",1973,true,10,0.1,"°C","s16",false,0,0,0,false,""
3360,"fan speed (EB100-EP14)","","input",1974,true,1,1,"","u8",false,0,0,0,false,""
3375,"Alarm number","","input",1975,true,1,1,"","s16",false,0,0,0,true,"alarm/number"
3478,"Reset alarm","","holding",22,true,1,1,"","u8",false,0,0,0,true,"settings/resetalarm"
3615,"Non module-specific alarm numbers","","input",1976,true,1,1,"","s16",false,0,0,0,true,"alarm/nonmodulespecificnumbers"
3667,"Heating curve climate system 1","","holding",26,true,1,1,"","s8",true,0,15,9,true,"settings/heatingcurve"
3671,"Heating offset climate system 1","","holding",30,true,1,1,"","s8",true,-10,10,0,true,"settings/heatingcurveoffset"
3675,"Min supply climate system 1","","holding",34,true,10,0.1,"°C","s16",true,50,800,200,true,"settings/supplytemperatureminimum"
3679,"Max supply climate system 1","","holding",38,true,10,0.1,"°C","s16",true,50,800,600,true,"settings/supplytemperaturemaximum"
3680,"Own curve, heating P7","","holding",39,true,1,1,"°C","s8",true,5,80,15,true,"settings/customheatingcurve/point7"
3681,"Own curve, heating P6","","holding",40,true,1,1,"°C","s8",true,5,80,15,true,"settings/customheatingcurve/point6"
3682,"Own curve, heating P5","","holding",41,true,1,1,"°C","s8",true,5,80,26,true,"settings/customheatingcurve/point5"
3683,"Own curve, heating P4","","holding",42,true,1,1,"°C","s8",true,5,80,32,true,"settings/customheatingcurve/point4"
3684,"Own curve, heating P3","","holding",43,true,1,1,"°C","s8",true,5,80,35,true,"settings/customheatingcurve/point3"
3685,"Own curve, heating P2","","holding",44,true,1,1,"°C","s8",true,5,80,40,true,"settings/customheatingcurve/point2"
3686,"Own curve, heating P1","","holding",45,true,1,1,"°C","s8",true,5,80,45,true,"settings/customheatingcurve/point1"
3687,"Point offset outdoor temperature","","holding",46,true,1,1,"°C","s8",true,-40,30,0,false,""
3688,"Point offset","","holding",47,true,1,1,"°C","s8",true,-10,10,0,false,""
3692,"External adjustment climate system 1","","holding",51,true,1,1,"","s8",true,-10,10,0,false,""
3696,"External adjustment with room sensor climate system 1","","holding",55,true,10,0.1,"°C","s16",true,50,300,200,false,""
3697,"Hot water mode","","holding",56,true,1,1,"","s8",true,0,4,1,true,"settings/hotwaterdemand"
3699,"Start temperature HW high temperature","","holding",58,true,10,0.1,"°C","s16",true,50,700,490,false,""
3700,"Start temperature HW normal temperature","","holding",59,true,10,0.1,"°C","s16",true,50,700,460,true,"settings/hotwaterstarttemperature"
3701,"Start temperature HW low temperature","","holding",60,true,10,0.1,"°C","s16",true,50,700,420,false,""
3702,"Stop temperature HW periodic increase","","holding",61,true,10,0.1,"°C","s16",true,55,700,550,false,""
3703,"Stop temperature HW high temperature","","holding",62,true,10,0.1,"°C","s16",true,50,700,530,false,""
3704,"Stop temperature HW normal temperature","","holding",63,true,10,0.1,"°C","s16",true,50,700,500,true,"settings/hotwaterstoptemperature"
3705,"Stop temperature HW low temperature","","holding",64,true,10,0.1,"°C","s16",true,50,700,480,false,""
3706,"Periodic hot water","","holding",65,true,1,1,"","s8",true,0,1,1,false,""
3707,"Periodic hot water interval","","holding",66,true,1,1,"days","s8",true,1,90,7,false,""
3708,"Start time periodic hot water","","holding",67,true,1,1,"","unknown",true,0,86400,0,false,""
3745,"Language","","holding",91,true,1,1,"","s8",true,0,25,0,false,""
3748,"Period time hot water","","holding",92,true,1,1,"min","u8",true,0,180,30,true,"settings/hotwaterperiod"
3749,"Period time heating","","holding",93,true,1,1,"min","u8",true,0,180,30,true,"settings/heatingperiod"
3751,"Operating mode","","holding",2743,true,1,1,"","u8",true,0,2,0,false,""
3752,"Operating mode heating medium pump","","holding",95,true,1,1,"","u8",true,10,40,40,false,""
3754,"Activate forced control","","holding",5000,true,1,1,"","u8",true,0,0,0,false,""
3818,"DM start heating","","holding",97,true,1,1,"DM","s16",true,-1000,-30,-60,true,"settings/compressorstartdegreeminutes"
3821,"DM between additional heat step","","holding",100,true,1,1,"DM","s16",true,10,1000,30,false,""
3825,"Fuse","","holding",103,true,1,1,"A","u16",true,1,400,32,false,""
3826,"Phase Order L3","","holding",2747,true,1,1,"","u8",true,1,128,4,false,""
3827,"Phase Order L2","","holding",2746,true,1,1,"","u8",true,1,128,2,false,""
3828,"Phase Order L1","","holding",2745,true,1,1,"","u8",true,1,128,1,false,""
3846,"Floor drying","","holding",120,true,1,1,"","u8",true,0,1,0,false,""
3847,"Floor drying period 7","","holding",121,true,1,1,"days","u8",true,0,30,2,false,""
3848,"Floor drying period 6","","holding",122,true,1,1,"days","u8",true,0,30,2,false,""
3849,"Floor drying period 5","","holding",123,true,1,1,"days","u8",true,0,30,2,false,""
3850,"Floor drying period 4","","holding",124,true,1,1,"days","u8",true,0,30,3,false,""
3851,"Floor drying period 3","","holding",125,true,1,1,"days","u8",true,0,30,2,false,""
3852,"Floor drying period 2","","holding",126,true,1,1,"days","u8",true,0,30,2,false,""
3853,"Floor drying period 1","","holding",127,true,1,1,"days","u8",true,0,30,2,false,""
3854,"Floor drying temp. 7","","holding",128,true,1,1,"°C","u8",true,15,70,20,false,""
3855,"Floor drying temp. 6","","holding",129,true,1,1,"°C","u8",true,15,70,30,false,""
3856,"Floor drying temp. 5","","holding",130,true,1,1,"°C","u8",true,15,70,40,false,""
3857,"Floor drying temp. 4","","holding",131,true,1,1,"°C","u8",true,15,70,45,false,""
3858,"Floor drying temp. 3","","holding",132,true,1,1,"°C","u8",true,15,70,40,false,""
3859,"Floor drying temp. 2","","holding",133,true,1,1,"°C","u8",true,15,70,30,false,""
3860,"Floor drying temp. 1","","holding",134,true,1,1,"°C","u8",true,15,70,20,false,""
3861,"Floor drying ongoing time.","","input",1977,true,1,1,"","u16",false,0,10000,0,false,""
3868,"Dimensioned outdoor temperature","","holding",140,true,10,0.1,"°C","s16",true,-400,200,-180,false,""
3869,"Delta T for DOT","","holding",141,true,10,0.1,"°C","s16",true,10,250,100,false,""
3870,"Climate system 2","","holding",142,true,1,1,"","u8",true,0,1,0,false,""
3871,"Climate system 3","","holding",143,true,1,1,"","u8",true,0,1,0,false,""
3872,"Climate system 4","","holding",144,true,1,1,"","u8",true,0,1,0,false,""
3881,"Shunt controlled additional heat","","holding",153,true,1,1,"","u8",true,0,1,0,false,""
3885,"Wait time shunt, shunt controlled additional heat","","holding",157,true,1,1,"s","s16",true,10,300,30,false,""
3886,"Step controlled additional heat accessory","","holding",158,true,1,1,"","u8",true,0,1,0,false,""
3891,"Ground water pump accessory","","holding",162,true,1,1,"","u8",true,0,1,0,false,""
3895,"Waiting time cooling/heating","","holding",165,true,1,1,"h","s8",true,0,48,2,false,""
3896,"Heating start at under temp.","","holding",166,true,10,0.1,"°C","s8",true,5,100,10,false,""
3897,"Cooling start at over temp.","","holding",167,true,10,0.1,"°C","s8",true,5,100,30,false,""
3898,"Cooling shunt amplification","","holding",168,true,10,0.1,"","s8",true,1,100,10,false,""
3899,"Cooling shunt waiting time","","holding",169,true,1,1,"s","s16",true,10,300,30,false,""
3900,"Cooling with room sensors","","holding",170,true,10,0.1,"","u8",true,0,41,0,false,""
3902,"Start passive cooling DM","","holding",172,true,1,1,"DM","s16",true,10,500,30,false,""
3903,"Start active cooling DM","","holding",173,true,1,1,"DM","s16",true,10,300,30,false,""
3904,"Changes have been made","","holding",2744,true,1,1,"","u8",true,0,1,0,false,""
3919,"Permit additional heat, heating","","holding",180,true,1,1,"","u8",true,0,1,1,true,"settings/allowadditionalheat"
3920,"Permit heating","","holding",181,true,1,1,"","u8",true,0,1,1,true,"settings/allowheating"
3921,"Permit cooling","","holding",182,true,1,1,"","u8",true,0,1,1,true,"settings/allowcooling"
3923,"Auto mode, stop temperature for heating","","holding",184,true,10,0.1,"°C","s16",true,-200,400,170,true,"settings/heatingstoptemperature"
3924,"Auto mode, additional heat stop temperature","","holding",185,true,10,0.1,"°C","s16",true,-250,400,50,true,"settings/additionalheatstoptemperature"
3925,"Auto mode filter time","","holding",186,true,1,1,"h","u8",true,0,48,24,false,""
3926,"Max difference supply, compressor","","holding",187,true,10,0.1,"°C","s16",true,10,250,100,false,""
3927,"Max difference supply, additional heat","","holding",188,true,10,0.1,"°C","s16",true,10,240,70,false,""
3933,"Time format","","holding",194,true,1,1,"","u8",true,0,1,1,false,""
3934,"Hot water permitted","","holding",195,true,1,1,"","u8",true,0,1,0,false,""
3935,"Alarm action, lower room temperature","","holding",196,true,1,1,"","u8",true,0,1,0,true,"settings/alarmlowerroomtemperature"
3936,"Alarm action lower HW temperature","","holding",197,true,1,1,"","u8",true,0,1,0,true,"settings/alarmlowerhotwatertemperature"
3937,"Auxiliary operation on alarm","","holding",198,true,1,1,"","u8",false,0,0,0,false,""
3938,"Use room sensor climate system 4","","holding",199,true,1,1,"","u8",true,0,1,0,false,""
3939,"Use room sensor climate system 3","","holding",200,true,1,1,"","u8",true,0,1,0,false,""
3940,"Use room sensor climate system 2","","holding",201,true,1,1,"","u8",true,0,1,0,false,""
3941,"Use room sensor climate system 1","","holding",202,true,1,1,"","u8",true,0,1,0,false,""
3942,"Room sensor set point value climate system 4","","holding",203,true,10,0.1,"°C","s16",true,50,300,200,false,""
3943,"Room sensor set point value climate system 3","","holding",204,true,10,0.1,"°C","s16",true,50,300,200,false,""
3944,"Room sensor set point value climate system 2","","holding",205,true,10,0.1,"°C","s16",true,50,300,200,false,""
3945,"Room sensor set point value climate system 1","","holding",206,true,10,0.1,"°C","s16",true,50,300,200,false,""
3946,"Room sensor factor climate system 4","","holding",207,true,10,0.1,"","u8",true,0,60,20,false,""
3947,"Room sensor factor climate system 3","","holding",208,true,10,0.1,"","u8",true,0,60,20,false,""
3948,"Room sensor factor climate system 2","","holding",209,true,10,0.1,"","u8",true,0,60,20,false,""
3949,"Room sensor factor climate system 1","","holding",210,true,10,0.1,"","u8",true,0,60,20,false,""
3954,"Input AUX5","","holding",211,true,1,1,"","u8",true,0,69,0,false,""
3955,"Input AUX4","","holding",212,true,1,1,"","u8",true,0,69,0,false,""
3956,"Input AUX3","","holding",213,true,1,1,"","u8",true,0,69,0,false,""
3957,"Input AUX2","","holding",214,true,1,1,"","u8",true,0,69,0,false,""
3958,"Input AUX1","","holding",215,true,1,1,"","u8",true,0,69,0,false,""
3959,"Output AUX1","","holding",216,true,1,1,"","u8",true,0,33,0,true,"settings/aux10function"
3965,"Speed, brine pump","","holding",222,true,1,1,"%","u8",true,1,100,100,false,""
3976,"Preset flow setting for climate system","","holding",223,true,1,1,"","u8",true,0,3,1,false,""
4030,"More hot water (Number of minutes)","","holding",225,true,1,1,"","u16",false,0,0,0,false,""
4064,"Oper. mode","Auto = 0, Manual = 1, Add. heat = 2","holding",237,true,1,1,"","u8",false,0,0,0,true,"settings/operatingmode"
4084,"Max. step internal additional heat","","holding",238,true,1,1,"","u8",true,0,7,3,false,""
4085,"Internal additional heat stepping mode","","holding",239,true,1,1,"","u8",true,0,1,0,false,""
4527,"DM diff. start additional heat","","holding",679,true,1,1,"DM","s16",true,100,2000,400,true,"settings/additionalheatstartdegreeminutes"
4529,"Cooling/heating sensor set point","","holding",681,true,10,0.1,"","s16",true,50,400,210,false,""
4535,"Heating medium pump manual speed","","holding",682,true,1,1,"%","s8",true,1,100,70,false,""
4537,"Pool 2 accessory","","holding",684,true,1,1,"","u8",true,0,1,0,false,""
4538,"Pool 1 accessory","","holding",685,true,1,1,"","u8",true,0,1,0,false,""
4560,"Hot water comfort","","holding",694,true,1,1,"","u8",true,0,1,0,false,""
4562,"Manual heating medium pump speed","","holding",695,true,1,1,"%","s8",true,0,1,0,false,""
4564,"More hot water","","holding",697,true,1,1,"","s8",true,0,0,0,false,""
4574,"Start diff. DM, step-controlled add. heat","","holding",703,true,1,1,"DM","s16",true,0,2000,400,false,""
4576,"HW comfort shunt on/off","","holding",705,true,1,1,"","u8",true,0,1,0,false,""
4581,"External cooling accessory","","holding",709,true,1,1,"","u8",true,0,1,0,false,""
4582,"HW comfort additional heat","","holding",710,true,1,1,"","u8",true,0,1,0,false,""
4608,"Cooling connected, climate system 1","","holding",726,true,1,1,"","u8",true,0,1,1,false,""
4613,"ACS","","holding",731,true,1,1,"","u8",true,0,1,0,false,""
4651,"Op. mode charge pump (EB101)","","holding",748,true,1,1,"","u8",true,0,1,0,false,""
4675,"Shunted brine, accessory","","holding",5268,true,1,1,"","u8",true,0,1,0,false,""
4678,"Shunted brine max. temp.","","holding",5271,true,1,1,"°C","u8",true,0,30,20,false,""
4685,"Hot water compressors step diff.","","holding",755,true,100,0.01,"","s16",true,0,400,100,false,""
4690,"Additional heat after diverter valve","","holding",758,true,1,1,"","u8",true,0,1,1,false,""
4691,"Hot water additional heat in tank","","holding",759,true,1,1,"","u8",true,0,1,0,false,""
4692,"Charging method hot water","","holding",6064,true,1,1,"","u8",true,0,1,1,false,""
4693,"Heating (SG Ready)","","holding",760,true,1,1,"","u8",true,0,1,1,false,""
4713,"Input AUX6","","holding",767,true,1,1,"","u8",true,0,69,0,false,""
4729,"Operating mode circulation pump heating heat pump 1","","holding",783,true,1,1,"","u8",true,0,1,1,true,"settings/chargepumpmode"
4745,"Operating mode circulation pump hot water heat pump 1","","holding",799,true,1,1,"","u8",true,0,1,1,false,""
4787,"Speed circulation pump waiting mode heat pump 1","","holding",841,true,1,1,"%","u8",true,1,100,30,false,""
4788,"Speed, circulation pump, standby mode (EB100)","","holding",842,true,1,1,"%","u8",true,1,100,30,false,""
4789,"Activated (Smart Price Adaption)","","holding",843,true,1,1,"","u8",true,0,1,0,false,""
4794,"(SPA), pool influence","","holding",848,true,1,1,"","s8",true,0,10,2,false,""
4795,"(SPA), cooling activated","","holding",849,true,1,1,"","u8",true,0,1,1,false,""
4796,"(SPA), cooling influence","","holding",850,true,1,1,"","s8",true,0,10,2,false,""
4797,"(SPA), area","","holding",851,true,1,1,"","u8",true,0,255,255,false,""
4803,"Internal shunt controlled additional heat","","holding",857,true,1,1,"","u8",true,0,1,0,false,""
4813,"Max. speed controlled charge pump (EB101)","","holding",867,true,1,1,"%","u8",true,80,100,100,false,""
4848,"External adjustment climate system 8","","holding",893,true,1,1,"","s8",true,-10,10,0,false,""
4849,"External adjustment climate system 7","","holding",894,true,1,1,"","s8",true,-10,10,0,false,""
4850,"External adjustment climate system 6","","holding",895,true,1,1,"","s8",true,-10,10,0,false,""
4851,"External adjustment climate system 5","","holding",896,true,1,1,"","s8",true,-10,10,0,false,""
4852,"External adjustment with room sensor climate system 8","","holding",897,true,10,0.1,"°C","s16",true,50,300,200,false,""
4853,"External adjustment with room sensor climate system 7","","holding",898,true,10,0.1,"°C","s16",true,50,300,200,false,""
4854,"External adjustment with room sensor climate system 6","","holding",899,true,10,0.1,"°C","s16",true,50,300,200,false,""
4855,"External adjustment with room sensor climate system 5","","holding",900,true,10,0.1,"°C","s16",true,50,300,200,false,""
4910,"Climate system 5","","holding",905,true,1,1,"","u8",true,0,1,0,false,""
4911,"Climate system 6","","holding",906,true,1,1,"","u8",true,0,1,0,false,""
4912,"Climate system 7","","holding",907,true,1,1,"","u8",true,0,1,0,false,""
4913,"Climate system 8","","holding",908,true,1,1,"","u8",true,0,1,0,false,""
4937,"Heating connected, climate system 1","","holding",932,true,1,1,"","u8",true,0,1,1,false,""
4940,"ERS 1","","holding",933,true,1,1,"","u8",true,0,1,0,false,""
4951,"EB103/104-GP12","","holding",939,true,1,1,"","u8",true,0,1,0,false,""
4952,"EB105/106-GP12","","holding",940,true,1,1,"","u8",true,0,1,0,false,""
4953,"EB107/108-GP12","","holding",941,true,1,1,"","u8",true,0,1,0,false,""
4969,"blockFreq 2 (EB101)","","holding",5295,true,1,1,"","u8",true,0,1,0,false,""
4970,"blockFreq 1 (EB101)","","holding",5296,true,1,1,"","u8",true,0,1,0,false,""
4976,"Use room sensor climate system 8","","holding",948,true,1,1,"","u8",true,0,1,0,false,""
4977,"Use room sensor climate system 7","","holding",949,true,1,1,"","u8",true,0,1,0,false,""
4978,"Use room sensor climate system 6","","holding",950,true,1,1,"","u8",true,0,1,0,false,""
4979,"Use room sensor climate system 5","","holding",951,true,1,1,"","u8",true,0,1,0,false,""
4980,"Room sensor set point value climate system 8","","holding",952,true,10,0.1,"°C","s16",true,50,300,200,false,""
4981,"Room sensor set point value climate system 7","","holding",953,true,10,0.1,"°C","s16",true,50,300,200,false,""
4982,"Room sensor set point value climate system 6","","holding",954,true,10,0.1,"°C","s16",true,50,300,200,false,""
4983,"Room sensor set point value climate system 5","","holding",955,true,10,0.1,"°C","s16",true,50,300,200,false,""
4984,"Room sensor factor climate system 8","","holding",956,true,10,0.1,"","u8",true,0,60,20,false,""
4985,"Room sensor factor climate system 7","","holding",957,true,10,0.1,"","u8",true,0,60,20,false,""
4986,"Room sensor factor climate system 6","","holding",958,true,10,0.1,"","u8",true,0,60,20,false,""
4987,"Room sensor factor climate system 5","","holding",959,true,10,0.1,"","u8",true,0,60,20,false,""
5049,"Current transformer ratio","","holding",980,true,1,1,"","u16",true,300,3000,300,false,""
5072,"Room sensor set point value climate system 8, cooling","","holding",981,true,10,0.1,"°C","s16",true,50,350,250,false,""
5073,"Room sensor set point value climate system 7, cooling","","holding",982,true,10,0.1,"°C","s16",true,50,350,250,false,""
5074,"Room sensor set point value climate system 6, cooling","","holding",983,true,10,0.1,"°C","s16",true,50,350,250,false,""
5075,"Room sensor set point value climate system 5, cooling","","holding",984,true,10,0.1,"°C","s16",true,50,350,250,false,""
5076,"Room sensor set point value climate system 4, cooling","","holding",985,true,10,0.1,"°C","s16",true,50,350,250,false,""
5077,"Room sensor set point value climate system 3, cooling","","holding",986,true,10,0.1,"°C","s16",true,50,350,250,false,""
5078,"Room sensor set point value climate system 2, cooling","","holding",987,true,10,0.1,"°C","s16",true,50,350,250,false,""
5079,"Room sensor set point value climate system 1, cooling","","holding",988,true,10,0.1,"°C","s16",true,50,350,250,false,""
5080,"Room sensor factor climate system 8, cooling","","holding",989,true,10,0.1,"","u8",true,0,60,10,false,""
5081,"Room sensor factor climate system 7, cooling","","holding",990,true,10,0.1,"","u8",true,0,60,10,false,""
5082,"Room sensor factor climate system 6, cooling","","holding",991,true,10,0.1,"","u8",true,0,60,10,false,""
5083,"Room sensor factor climate system 5, cooling","","holding",992,true,10,0.1,"","u8",true,0,60,10,false,""
5084,"Room sensor factor climate system 4, cooling","","holding",993,true,10,0.1,"","u8",true,0,60,10,false,""
5085,"Room sensor factor climate system 3, cooling","","holding",994,true,10,0.1,"","u8",true,0,60,10,false,""
5086,"Room sensor factor climate system 2, cooling","","holding",995,true,10,0.1,"","u8",true,0,60,10,false,""
5087,"Room sensor factor climate system 1, cooling","","holding",996,true,10,0.1,"","u8",true,0,60,10,false,""
5088,"Set point value (RH)","","holding",997,true,1,1,"%","s8",true,30,90,60,false,""
5102,"HTS 1","","holding",998,true,1,1,"","u8",true,0,1,0,false,""
5144,"Exhaust air fan speed 4 (ERS 1)","","holding",1021,true,1,1,"%","u8",true,0,100,100,false,""
5145,"Exhaust air fan speed 3 (ERS 1)","","holding",1022,true,1,1,"%","u8",true,0,100,80,false,""
5146,"Exhaust air fan speed 2 (ERS 1)","","holding",1023,true,1,1,"%","u8",true,0,100,30,false,""
5147,"Exhaust air fan speed 1 (ERS 1)","","holding",1024,true,1,1,"%","u8",true,0,100,0,false,""
5148,"Exhaust air fan speed normal (ERS 1)","","holding",1025,true,1,1,"%","u8",true,1,100,75,false,""
5150,"Filtering time (BT64)","","holding",1027,true,1,1,"min","u8",true,5,30,5,false,""
5151,"(ACS) - Thermostat, hysteresis between compressors","","holding",1028,true,1,1,"°C","s8",true,1,10,2,false,""
5152,"Start temperature (BT64)","","holding",1029,true,1,1,"°C","s8",true,-8,30,10,false,""
5184,"S135","","holding",1035,true,1,1,"","u8",true,0,1,0,false,""
5185,"Pump speed (S135)","","holding",1036,true,1,1,"%","u8",true,1,100,70,false,""
5193,"Bypass temp. (ERS 1)","","holding",1044,true,1,1,"°C","u8",true,2,10,4,false,""
5195,"External cooling accessory pump type","","holding",1046,true,1,1,"","u8",true,0,1,1,false,""
5200,"Flow sensor activated X22","","holding",1049,true,1,1,"","u8",true,0,1,0,false,""
5201,"Flow sensor activated X21","","holding",1050,true,1,1,"","u8",true,0,1,0,false,""
5204,"Max. internal additional heat SG Ready","","holding",1052,true,100,0.01,"kW","s16",true,0,900,700,false,""
5220,"PV panel affects heating (EME)","","holding",1069,true,1,1,"","u8",true,0,1,0,false,""
5221,"PV panel affects hot water (EME)","","holding",1070,true,1,1,"","u8",true,0,1,0,false,""
5222,"Delay timer EME","","holding",1071,true,1,1,"","u16",false,0,0,0,false,""
5237,"Pump 4 (FLM)","","holding",1074,true,1,1,"","u8",true,0,1,0,false,""
5238,"Pump 3 (FLM)","","holding",1075,true,1,1,"","u8",true,0,1,0,false,""
5239,"Pump 2 (FLM)","","holding",1076,true,1,1,"","u8",true,0,1,0,false,""
5240,"Defrosting time (FLM 4)","","holding",1077,true,1,1,"h","u8",true,1,30,10,false,""
5241,"Defrosting time (FLM 3)","","holding",1078,true,1,1,"h","u8",true,1,30,10,false,""
5242,"Defrosting time (FLM 2)","","holding",1079,true,1,1,"h","u8",true,1,30,10,false,""
5243,"Cooling (FLM 4)","","holding",1080,true,1,1,"","u8",true,0,1,0,false,""
5244,"Cooling (FLM 3)","","holding",1081,true,1,1,"","u8",true,0,1,0,false,""
5245,"Cooling (FLM 2)","","holding",1082,true,1,1,"","u8",true,0,1,0,false,""
5246,"Pump speed (FLM 4)","","holding",1083,true,1,1,"%","u8",true,1,100,100,false,""
5247,"Pump speed (FLM 3)","","holding",1084,true,1,1,"%","u8",true,1,100,100,false,""
5248,"Pump speed (FLM 2)","","holding",1085,true,1,1,"%","u8",true,1,100,100,false,""
5249,"Pump speed (FLM 1)","","holding",1086,true,1,1,"%","u8",true,1,100,100,false,""
5259,"Outdoor air mixing","","holding",1096,true,1,1,"","u8",true,0,1,0,false,""
5268,"Smart Energy Source","","holding",1105,true,1,1,"","u8",true,0,1,0,false,""
5269,"Control method, smart energy source","0 = price, 1 = primary factor","holding",1106,true,1,1,"","u8",true,0,1,0,false,""
5270,"El. price, special, smart energy source","0 = Fixed price, 1 = Tariff, 2 = Spot price","holding",1107,true,1,1,"","u8",true,0,2,0,false,""
5271,"El. price, fixed, smart energy source","","holding",1108,true,1,1,"","u16",true,0,60000,100,false,""
5272,"El. price, smart energy source","0 = Fixed price, 1 = Tariff","holding",1109,true,1,1,"","u8",true,0,1,0,false,""
5273,"El. price, fixed, smart energy source","","holding",1110,true,1,1,"","u16",true,0,60000,100,false,""
5274,"El. price, smart energy source","0 = Fixed price, 1 = Tariff","holding",1111,true,1,1,"","u8",true,0,3,0,false,""
5275,"El. price, fixed, smart energy source","","holding",1112,true,1,1,"","u16",true,0,60000,100,false,""
5276,"El. price, smart energy source","0 = Fixed price, 1 = Tariff","holding",1113,true,1,1,"","u8",true,0,1,0,false,""
5277,"El. price, fixed, smart energy source","","holding",1114,true,1,1,"","u16",true,0,60000,100,false,""
5280,"Prim. factor, smart energy source","","holding",1117,true,10,0.1,"","u8",true,0,50,25,false,""
5281,"Prim. factor, shunt add. heat smart energy source","","holding",1118,true,10,0.1,"","u8",true,0,50,10,false,""
5282,"Prim. factor, ext. step add. heat smart energy source","","holding",1119,true,10,0.1,"","u8",true,0,50,10,false,""
5286,"ext. step add. heat, high tariff price smart energy source","","holding",1123,true,1,1,"","u16",true,1,60000,100,false,""
5287,"ext. step add. heat, low tariff price smart energy source","","holding",1124,true,1,1,"","u16",true,1,60000,100,false,""
5288,"Shunt add. heat, high tariff price smart energy source","","holding",1125,true,1,1,"","u16",true,1,60000,100,false,""
5289,"Shunt add. heat, low tariff price smart energy source","","holding",1126,true,1,1,"","u16",true,1,60000,100,false,""
5290,"El. price, fixed, high tariff smart energy source","","holding",1127,true,1,1,"","u16",true,1,60000,100,false,""
5291,"El. price, fixed, low tariff smart energy source","","holding",1128,true,1,1,"","u16",true,1,60000,100,false,""
5292,"El. price, variable, high tariff smart energy source","","holding",1129,true,1,1,"","u16",true,1,60000,100,false,""
5293,"El. price, variable, low tariff smart energy source","","holding",1130,true,1,1,"","u16",true,1,60000,100,false,""
5294,"DM start source, priority 5 smart energy source","","holding",1131,true,1,1,"","s16",true,100,2000,400,false,""
5295,"DM start source, priority 4 smart energy source","","holding",1132,true,1,1,"","s16",true,100,2000,400,false,""
5296,"DM start source, priority 3 smart energy source","","holding",1133,true,1,1,"","s16",true,100,2000,400,false,""
5297,"DM start source, priority 2 smart energy source","","holding",1134,true,1,1,"","s16",true,100,2000,400,false,""
5298,"DM start source, priority 1 smart energy source","","holding",1135,true,1,1,"","s16",true,-2000,-10,-60,false,""
5299,"Start day, tariff smart energy source","","holding",1136,true,1,1,"","u8",true,1,31,1,false,""
5300,"End day, tariff smart energy source","","holding",1137,true,1,1,"","u8",true,1,31,31,false,""
5301,"Start month, tariff smart energy source","","holding",1138,true,1,1,"","u8",true,1,12,1,false,""
5302,"End month, tariff smart energy source","","holding",1139,true,1,1,"","u8",true,1,12,12,false,""
5335,"Start day, fixed tariff smart energy source","","holding",1172,true,1,1,"","u8",true,1,31,1,false,""
5336,"End day, fixed tariff smart energy source","","holding",1173,true,1,1,"","u8",true,1,31,31,false,""
5337,"Start month, fixed tariff smart energy source","","holding",1174,true,1,1,"","u8",true,1,12,1,false,""
5338,"End month, fixed tariff smart energy source","","holding",1175,true,1,1,"","u8",true,1,12,12,false,""
5407,"Start day tariff, shunt additional heat smart energy source","","holding",1244,true,1,1,"","u8",true,1,31,1,false,""
5408,"End day tariff, shunt additional heat  smart energy source","","holding",1245,true,1,1,"","u8",true,1,31,31,false,""
5409,"Start month tariff, shunt additional heat smart energy source","","holding",1246,true,1,1,"","u8",true,1,12,1,false,""
5410,"End month tariff, shunt additional heat smart energy source","","holding",1247,true,1,1,"","u8",true,1,12,12,false,""
5443,"Start day tariff, ext. step add. heat smart energy source","","holding",1280,true,1,1,"","u8",true,1,31,1,false,""
5444,"End day tariff, ext. step add. heat  smart energy source","","holding",1281,true,1,1,"","u8",true,1,31,31,false,""
5445,"Start month tariff, ext. step add. heat smart energy source","","holding",1282,true,1,1,"","u8",true,1,12,1,false,""
5446,"End month tariff, ext. step add. heat smart energy source","","holding",1283,true,1,1,"","u8",true,1,12,12,false,""
5479,"Ground water pump temperature alarm","","holding",1316,true,1,1,"","u8",true,0,1,0,false,""
5480,"Ground water pump temperature alarm level","","holding",1317,true,1,1,"°C","s8",true,-15,20,3,false,""
5482,"Brine pump auto mode","","holding",1319,true,1,1,"","s8",true,0,2,1,false,""
5497,"Max difference, SES priority 1 energy source","","holding",1326,true,10,0.1,"°C","s16",true,10,250,100,false,""
5498,"Max difference, SES lower priority energy source","","holding",1327,true,10,0.1,"°C","s16",true,10,250,70,false,""
5928,"Installed (EB101)","","holding",1550,true,1,1,"","u8",true,0,1,1,false,""
6000,"EME20","","holding",4000,true,1,1,"","u8",true,0,1,0,false,""
6002,"Current power","","input",2176,true,1,1,"W","u32",false,0,0,0,false,""
6016,"Ground water pump's control signal","","holding",4012,true,1,1,"","s8",true,0,0,0,false,""
6138,"Total average power (Solar PV)","","input",2178,true,100,0.01,"kW","u32",false,0,0,0,false,""
6139,"Total energy","","input",2180,true,10,0.1,"kWh","s32",false,0,0,0,false,""
6154,"Mode, energy meter (BE6)","","holding",4015,true,1,1,"","u8",true,0,255,255,false,""
6155,"Mode, energy meter (BE7)","","holding",4016,true,1,1,"","u8",true,0,255,255,false,""
6215,"ERS 2","","holding",4076,true,1,1,"","u8",true,0,1,0,false,""
6216,"ERS 3","","holding",4077,true,1,1,"","u8",true,0,1,0,false,""
6217,"ERS 4","","holding",4078,true,1,1,"","u8",true,0,1,0,false,""
6367,"Hot water additional heat used in heating mode","","holding",4203,true,1,1,"","u8",true,0,1,0,false,""
6477,"Mode, energy meter (BE11)","","holding",4127,true,1,1,"","u8",true,0,255,255,false,""
6588,"Hi press (EB101-BP9)","","input",0,false,10,0.1,"bar","s16",false,0,0,0,false,""
6717,"Ext. add. heat active steps","","input",2454,true,1,1,"","u8",false,0,0,0,false,""
6759,"HTS 2","","holding",1981,true,1,1,"","u8",true,0,1,0,false,""
6760,"HTS 3","","holding",1982,true,1,1,"","u8",true,0,1,0,false,""
6761,"HTS 4","","holding",1983,true,1,1,"","u8",true,0,1,0,false,""
6837,"External adjustment, cooling climate system 8","","holding",4138,true,1,1,"","s8",true,-10,10,0,false,""
6838,"External adjustment, cooling climate system 7","","holding",4139,true,1,1,"","s8",true,-10,10,0,false,""
6839,"External adjustment, cooling climate system 6","","holding",4140,true,1,1,"","s8",true,-10,10,0,false,""
6840,"External adjustment, cooling climate system 5","","holding",4141,true,1,1,"","s8",true,-10,10,0,false,""
6841,"External adjustment, cooling climate system 4","","holding",4142,true,1,1,"","s8",true,-10,10,0,false,""
6842,"External adjustment, cooling climate system 3","","holding",4143,true,1,1,"","s8",true,-10,10,0,false,""
6843,"External adjustment, cooling climate system 2","","holding",4144,true,1,1,"","s8",true,-10,10,0,false,""
6844,"External adjustment, cooling climate system 1","","holding",4145,true,1,1,"","s8",true,-10,10,0,false,""
6846,"External adjustment with room sensor, cooling climate system 8","","holding",4146,true,10,0.1,"°C","s16",true,50,300,200,false,""
6847,"External adjustment with room sensor, cooling climate system 7","","holding",4147,true,10,0.1,"°C","s16",true,50,300,200,false,""
6848,"External adjustment with room sensor, cooling climate system 6","","holding",4148,true,10,0.1,"°C","s16",true,50,300,200,false,""
6849,"External adjustment with room sensor, cooling climate system 5","","holding",4149,true,10,0.1,"°C","s16",true,50,300,200,false,""
6850,"External adjustment with room sensor, cooling climate system 4","","holding",4150,true,10,0.1,"°C","s16",true,50,300,200,false,""
6851,"External adjustment with room sensor, cooling climate system 3","","holding",4151,true,10,0.1,"°C","s16",true,50,300,200,false,""
6852,"External adjustment with room sensor, cooling climate system 2","","holding",4152,true,10,0.1,"°C","s16",true,50,300,200,false,""
6853,"External adjustment with room sensor, cooling climate system 1","","holding",4153,true,10,0.1,"°C","s16",true,50,300,200,false,""
6936,"blockFreq 1 (EB102)","","holding",4164,true,1,1,"","u8",true,0,1,0,false,""
6938,"blockFreq 1 (EB103)","","holding",4165,true,1,1,"","u8",true,0,1,0,false,""
6940,"blockFreq 1 (EB104)","","holding",4166,true,1,1,"","u8",true,0,1,0,false,""
6942,"blockFreq 1 (EB105)","","holding",4167,true,1,1,"","u8",true,0,1,0,false,""
6944,"blockFreq 1 (EB106)","","holding",4168,true,1,1,"","u8",true,0,1,0,false,""
6946,"blockFreq 1 (EB107)","","holding",4169,true,1,1,"","u8",true,0,1,0,false,""
6948,"blockFreq 1 (EB108)","","holding",4170,true,1,1,"","u8",true,0,1,0,false,""
6984,"Power at DOT, manual value","","holding",4200,true,1,1,"","u8",true,0,1,0,false,""
7022,"Blocking actions (ERS 3)","","holding",4100,true,1,1,"","u8",true,0,2,2,false,""
7023,"Blocking actions (ERS 4)","","holding",4101,true,1,1,"","u8",true,0,2,2,false,""
7208,"Night cooling diff","","holding",2943,true,1,1,"°C","u8",true,3,10,6,false,""
8034,"Minimum permitted speed (EB101 GP12)","","holding",5352,true,1,1,"%","u8",true,1,50,0,false,""
8052,"Start fan de-icing (EB101)","","holding",5360,true,1,1,"","s8",true,0,1,0,false,""
8060,"Defrost Requested EB101","","holding",5368,true,1,1,"","s8",true,0,1,0,false,""
8183,"System 1 (RMU)","","holding",176,true,1,1,"","u8",true,0,1,0,false,""
8184,"System 2 (RMU)","","holding",177,true,1,1,"","u8",true,0,1,0,false,""
8185,"System 3 (RMU)","","holding",178,true,1,1,"","u8",true,0,1,0,false,""
8186,"System 4 (RMU)","","holding",179,true,1,1,"","u8",true,0,1,0,false,""
8187,"System 5 (RMU)","","holding",1998,true,1,1,"","u8",true,0,1,0,false,""
8188,"System 6 (RMU)","","holding",1999,true,1,1,"","u8",true,0,1,0,false,""
8189,"System 7 (RMU)","","holding",2000,true,1,1,"","u8",true,0,1,0,false,""
8190,"System 8 (RMU)","","holding",2001,true,1,1,"","u8",true,0,1,0,false,""
8982,"Away mode status","","holding",5390,true,1,1,"","u8",true,0,0,0,false,""
9028,"The start guide has been run","","holding",2742,true,1,1,"","u8",true,0,1,1,false,""
9659,"Audio signal on alarm","","holding",5326,true,1,1,"","u8",true,0,1,1,false,""
9663,"Sound when pressing button","","holding",5327,true,1,1,"","u8",true,0,1,1,false,""
9664,"BT12 offset, heat pump 1","","holding",5328,true,10,0.1,"°C","s8",true,-50,50,0,false,""
10567,"Additional heat step, emergency mode","","holding",3058,true,1,1,"","u8",true,0,7,0,false,""
10591,"Heating, auto","","holding",3059,true,1,1,"","u8",true,0,1,1,false,""
10613,"Activate SG Ready via API","","holding",3032,true,1,1,"","u8",true,0,1,0,false,""
10691,"Factor","","holding",3033,true,1,1,"","u8",true,1,10,5,false,""
12385,"Period","","holding",3088,true,1,1,"","u8",true,0,1,0,false,""
12386,"Number of years","","holding",3089,true,1,1,"","u8",true,1,10,1,false,""
12387,"Months","","holding",3090,true,1,1,"","u32",true,0,4095,4095,false,""
12392,"Show outdoor temperature","","holding",3096,true,1,1,"","u8",true,0,0,0,false,""
12393,"Show indoor temperature","","holding",3097,true,1,1,"","u8",true,0,0,0,false,""
12396,"Active days","","holding",3066,true,1,1,"","u8",true,0,127,0,false,""
12397,"Active days","","holding",3067,true,1,1,"","u8",true,0,127,0,false,""
12398,"Active days","","holding",3068,true,1,1,"","u8",true,0,127,0,false,""
12399,"Active days","","holding",3069,true,1,1,"","u8",true,0,127,0,false,""
12400,"Active days","","holding",3070,true,1,1,"","u8",true,0,127,0,false,""
12401,"Start time","","holding",5393,true,1,1,"","unknown",true,0,86400,0,false,""
12402,"Start time","","holding",5397,true,1,1,"","unknown",true,0,86400,0,false,""
12403,"Stop time","","holding",5401,true,1,1,"","unknown",true,0,86400,0,false,""
12463,"AUX relay (AUX11)","","holding",224,true,1,1,"","u8",true,0,33,5,true,"settings/aux11function"
14046,"Offset cooling (Solar PV)","","holding",2667,true,1,1,"","s8",true,-10,0,-1,false,""
14047,"Offset heating (Solar PV)","","holding",2668,true,1,1,"","u8",true,0,10,1,false,""
14048,"Offset pool (Solar PV)","","holding",2669,true,1,1,"°C","u8",true,0,10,10,false,""
14050,"Cooling (Solar PV)","","holding",2666,true,1,1,"","u8",true,0,1,0,false,""
14051,"AUX (Solar PV)","","holding",2675,true,1,1,"","u8",true,0,1,0,false,""
14062,"Temperature overcharging pool","","holding",0,false,1,1,"°C","u8",true,1,50,1,false,""
14312,"Modbus TCP/IP Ext. (Solar PV)","","holding",2107,true,1,1,"","u8",true,0,1,0,false,""
14313,"Modbus TCP/IP Ext.Include own consumption (Solar PV)","","holding",2108,true,1,1,"","u8",true,0,1,0,false,""
14314,"Modbus TCP/IP Ext. Available power (Solar PV)","","holding",2109,true,1,1,"","u16",true,0,65535,0,false,""
14318,"External adjustment input, main unit (ECS1)","0: Zones, 1: Climate system, 2: Profile","holding",2111,true,1,1,"","u8",true,0,1,0,false,""
14319,"External adjustment input (ECS2)","0: Zones, 1: Climate system, 2: Profile","holding",2112,true,1,1,"","u8",true,0,1,0,false,""
14320,"External adjustment input (ECS3)","0: Zones, 1: Climate system, 2: Profile","holding",2113,true,1,1,"","u8",true,0,1,0,false,""
14321,"External adjustment input (ECS4)","0: Zones, 1: Climate system, 2: Profile","holding",2114,true,1,1,"","u8",true,0,1,0,false,""
14322,"External adjustment input (ECS5)","0: Zones, 1: Climate system, 2: Profile","holding",2115,true,1,1,"","u8",true,0,1,0,false,""
14323,"External adjustment input (ECS6)","0: Zones, 1: Climate system, 2: Profile","holding",2116,true,1,1,"","u8",true,0,1,0,false,""
14324,"External adjustment input (ECS7)","0: Zones, 1: Climate system, 2: Profile","holding",2117,true,1,1,"","u8",true,0,1,0,false,""
14325,"External adjustment input (ECS8)","0: Zones, 1: Climate system, 2: Profile","holding",2118,true,1,1,"","u8",true,0,1,0,false,""
14326,"Zone 1 affected by ECS1","Bit position for zone","holding",2119,true,1,1,"","u8",true,0,1,0,false,""
14327,"Zone 2 affected by ECS1","Bit position for zone","holding",2120,true,1,1,"","u8",true,0,1,0,false,""
14328,"Zone 3 affected by ECS1","Bit position for zone","holding",2121,true,1,1,"","u8",true,0,1,0,false,""
14329,"Zone 4 affected by ECS1","Bit position for zone","holding",2122,true,1,1,"","u8",true,0,1,0,false,""
14330,"Zone 5 affected by ECS1","Bit position for zone","holding",2123,true,1,1,"","u8",true,0,1,0,false,""
14331,"Zone 6 affected by ECS1","Bit position for zone","holding",2124,true,1,1,"","u8",true,0,1,0,false,""
14332,"Zone 7 affected by ECS1","Bit position for zone","holding",2125,true,1,1,"","u8",true,0,1,0,false,""
14333,"Zone 8 affected by ECS1","Bit position for zone","holding",2126,true,1,1,"","u8",true,0,1,0,false,""
14334,"Zone 9 affected by ECS1","Bit position for zone","holding",2127,true,1,1,"","u8",true,0,1,0,false,""
14335,"Zone 10 affected by ECS1","Bit position for zone","holding",2128,true,1,1,"","u8",true,0,1,0,false,""
14336,"Zone 11 affected by ECS1","Bit position for zone","holding",2129,true,1,1,"","u8",true,0,1,0,false,""
14337,"Zone 12 affected by ECS1","Bit position for zone","holding",2130,true,1,1,"","u8",true,0,1,0,false,""
14338,"Zone 13 affected by ECS1","Bit position for zone","holding",2131,true,1,1,"","u8",true,0,1,0,false,""
14339,"Zone 14 affected by ECS1","Bit position for zone","holding",2132,true,1,1,"","u8",true,0,1,0,false,""
14340,"Zone 15 affected by ECS1","Bit position for zone","holding",2133,true,1,1,"","u8",true,0,1,0,false,""
14341,"Zone 16 affected by ECS1","Bit position for zone","holding",2134,true,1,1,"","u8",true,0,1,0,false,""
14342,"Zone 17 affected by ECS1","Bit position for zone","holding",2135,true,1,1,"","u8",true,0,1,0,false,""
14343,"Zone 18 affected by ECS1","Bit position for zone","holding",2136,true,1,1,"","u8",true,0,1,0,false,""
14344,"Zone 19 affected by ECS1","Bit position for zone","holding",2137,true,1,1,"","u8",true,0,1,0,false,""
14345,"Zone 20 affected by ECS1","Bit position for zone","holding",2138,true,1,1,"","u8",true,0,1,0,false,""
14346,"Zone 21 affected by ECS1","Bit position for zone","holding",2139,true,1,1,"","u8",true,0,1,0,false,""
14347,"Zone 22 affected by ECS1","Bit position for zone","holding",2140,true,1,1,"","u8",true,0,1,0,false,""
14348,"Zone 23 affected by ECS1","Bit position for zone","holding",2141,true,1,1,"","u8",true,0,1,0,false,""
14349,"Zone 24 affected by ECS1","Bit position for zone","holding",2142,true,1,1,"","u8",true,0,1,0,false,""
14350,"Zone 25 affected by ECS1","Bit position for zone","holding",2143,true,1,1,"","u8",true,0,1,0,false,""
14351,"Zone 26 affected by ECS1","Bit position for zone","holding",2144,true,1,1,"","u8",true,0,1,0,false,""
14352,"Zone 27 affected by ECS1","Bit position for zone","holding",2145,true,1,1,"","u8",true,0,1,0,false,""
14353,"Zone 28 affected by ECS1","Bit position for zone","holding",2146,true,1,1,"","u8",true,0,1,0,false,""
14354,"Zone 29 affected by ECS1","Bit position for zone","holding",2147,true,1,1,"","u8",true,0,1,0,false,""
14355,"Zone 30 affected by ECS1","Bit position for zone","holding",2148,true,1,1,"","u8",true,0,1,0,false,""
14356,"Zone 31 affected by ECS1","Bit position for zone","holding",2149,true,1,1,"","u8",true,0,1,0,false,""
14357,"Zone 32 affected by ECS1","Bit position for zone","holding",2150,true,1,1,"","u8",true,0,1,0,false,""
14358,"Zone 33 affected by ECS1","Bit position for zone","holding",2151,true,1,1,"","u8",true,0,1,0,false,""
14359,"Zone 34 affected by ECS1","Bit position for zone","holding",2152,true,1,1,"","u8",true,0,1,0,false,""
14360,"Zone 35 affected by ECS1","Bit position for zone","holding",2153,true,1,1,"","u8",true,0,1,0,false,""
14361,"Zone 36 affected by ECS1","Bit position for zone","holding",2154,true,1,1,"","u8",true,0,1,0,false,""
14362,"Zone 37 affected by ECS1","Bit position for zone","holding",2155,true,1,1,"","u8",true,0,1,0,false,""
14363,"Zone 38 affected by ECS1","Bit position for zone","holding",2156,true,1,1,"","u8",true,0,1,0,false,""
14364,"Zone 39 affected by ECS1","Bit position for zone","holding",2157,true,1,1,"","u8",true,0,1,0,false,""
14365,"Zone 40 affected by ECS1","Bit position for zone","holding",2158,true,1,1,"","u8",true,0,1,0,false,""
14646,"Input on ECS1 affects ECS1","Bit position for zone","holding",2439,true,1,1,"","u8",true,0,1,0,false,""
14647,"Input on ECS1 affects ECS2","Bit position for zone","holding",2440,true,1,1,"","u8",true,0,1,0,false,""
14648,"Input on ECS1 affects ECS3","Bit position for zone","holding",2441,true,1,1,"","u8",true,0,1,0,false,""
14649,"Input on ECS1 affects ECS4","Bit position for zone","holding",2442,true,1,1,"","u8",true,0,1,0,false,""
14650,"Input on ECS1 affects ECS5","Bit position for zone","holding",2443,true,1,1,"","u8",true,0,1,0,false,""
14651,"Input on ECS1 affects ECS6","Bit position for zone","holding",2444,true,1,1,"","u8",true,0,1,0,false,""
14652,"Input on ECS1 affects ECS7","Bit position for zone","holding",2445,true,1,1,"","u8",true,0,1,0,false,""
14653,"Input on ECS1 affects ECS8","Bit position for zone","holding",2446,true,1,1,"","u8",true,0,1,0,false,""
14710,"External setting for adjustment migrated","","holding",2503,true,1,1,"","u8",true,0,1,0,false,""
14968,"Max. step internal additional heat","","holding",2504,true,1,1,"","u8",true,0,7,3,false,""
14987,"Version, inverter (EB101)","","input",2147,true,1,1,"","u8",false,0,0,0,false,""
15078,"Time between filter replacement","","holding",2676,true,1,1,"","u8",true,1,24,3,false,""
15079,"Time between filter replacement","","holding",2677,true,1,1,"","u8",true,1,24,3,false,""
15080,"Time between filter replacement","","holding",2678,true,1,1,"","u8",true,1,24,3,false,""
15081,"Time between filter replacement","","holding",2679,true,1,1,"","u8",true,1,24,3,false,""
21583,"Return time fan 4","","holding",2700,true,1,1,"h","u8",true,1,24,4,false,""
21584,"Return time fan 4","","holding",2701,true,1,1,"h","u8",true,1,24,4,false,""
21585,"Return time fan 4","","holding",2702,true,1,1,"h","u8",true,1,24,4,false,""
21586,"Return time fan 4","","holding",2703,true,1,1,"h","u8",true,1,24,4,false,""
21587,"Return time fan 4","","holding",2704,true,1,1,"h","u8",true,1,24,4,false,""
21588,"Return time fan 4","","holding",2705,true,1,1,"h","u8",true,1,24,4,false,""
21589,"Return time fan 4","","holding",2706,true,1,1,"h","u8",true,1,24,4,false,""
21590,"Return time fan 4","","holding",2707,true,1,1,"h","u8",true,1,24,4,false,""
21591,"Return time fan 4","","holding",2708,true,1,1,"h","u8",true,1,24,4,false,""
21592,"Return time fan 4","","holding",2709,true,1,1,"h","u8",true,1,24,4,false,""
21593,"Return time fan 4","","holding",2710,true,1,1,"h","u8",true,1,24,4,false,""
21594,"Return time fan 4","","holding",2711,true,1,1,"h","u8",true,1,24,4,false,""
21595,"Return time fan 4","","holding",2712,true,1,1,"h","u8",true,1,24,4,false,""
21596,"Return time fan 4","","holding",2713,true,1,1,"h","u8",true,1,24,4,false,""
21597,"Return time fan 4","","holding",2714,true,1,1,"h","u8",true,1,24,4,false,""
21598,"Return time fan 4","","holding",2715,true,1,1,"h","u8",true,1,24,4,false,""
21599,"Time between filter replacement","","holding",2728,true,1,1,"","u8",true,1,24,3,false,""
21600,"Time between filter replacement","","holding",2729,true,1,1,"","u8",true,1,24,3,false,""
21601,"Time between filter replacement","","holding",2730,true,1,1,"","u8",true,1,24,3,false,""
21602,"Time between filter replacement","","holding",2731,true,1,1,"","u8",true,1,24,3,false,""
22070,"AUX from Modbus","","holding",2740,true,1,1,"","u8",true,0,69,0,false,""
22077,"AUX from Modbus","","holding",2741,true,1,1,"","s16",true,0,0,0,false,""
22150,"Heat pump test - Silent mode (EB101/EB102)","","holding",5101,true,1,1,"","u8",true,0,1,0,false,""
22268,"Last defrost, heat pump 1","0 = Successful, 1: Low supply, 2: Low return, 3: Low flow, 4: Low LP, 5: Max time, 255 = Not accessible","input",2158,true,1,1,"","u8",false,0,255,255,true,"heatpump/lastdefrost"
23129,"ERS 5","","holding",2820,true,1,1,"","u8",true,0,1,0,false,""
23130,"ERS 6","","holding",2821,true,1,1,"","u8",true,0,1,0,false,""
23131,"ERS 7","","holding",2822,true,1,1,"","u8",true,0,1,0,false,""
23132,"ERS 8","","holding",2823,true,1,1,"","u8",true,0,1,0,false,""
23133,"ERS 5","","holding",2824,true,1,1,"","u8",true,0,1,1,false,""
23134,"ERS 6","","holding",2825,true,1,1,"","u8",true,0,1,1,false,""
23135,"ERS 7","","holding",2826,true,1,1,"","u8",true,0,1,1,false,""
23136,"ERS 8","","holding",2827,true,1,1,"","u8",true,0,1,1,false,""
23137,"Min. vent temp. (ERS 5)","","holding",2857,true,1,1,"°C","u8",true,0,10,3,false,""
23138,"Min. vent temp. (ERS 6)","","holding",2858,true,1,1,"°C","u8",true,0,10,3,false,""
23139,"Min. vent temp. (ERS 7)","","holding",2859,true,1,1,"°C","u8",true,0,10,3,false,""
23140,"Min. vent temp. (ERS 8)","","holding",2860,true,1,1,"°C","u8",true,0,10,3,false,""
23141,"Blocking actions (ERS 5)","","holding",2828,true,1,1,"","u8",true,0,2,2,false,""
23142,"Blocking actions (ERS 6)","","holding",2829,true,1,1,"","u8",true,0,2,2,false,""
23143,"Blocking actions (ERS 7)","","holding",2830,true,1,1,"","u8",true,0,2,2,false,""
23144,"Blocking actions (ERS 8)","","holding",2831,true,1,1,"","u8",true,0,2,2,false,""
23205,"Fan mode 5","","input",2168,true,1,1,"%","u8",false,0,0,0,false,""
23206,"Fan mode 6","","input",2169,true,1,1,"%","u8",false,0,0,0,false,""
23207,"Fan mode 7","","input",2170,true,1,1,"%","u8",false,0,0,0,false,""
23208,"Fan mode 8","","input",2171,true,1,1,"%","u8",false,0,0,0,false,""
24483,"Modbus use ext. calc supply","","holding",5008,true,1,1,"","u8",true,0,1,0,false,""
24484,"Supply Line Set Point Heating 1","","holding",5009,true,10,0.1,"°C","s16",true,50,800,450,true,"settings/calculatedheatingsupplytemperature"
24485,"Supply Line Set Point Heating 2","","holding",5010,true,10,0.1,"°C","s16",true,50,800,450,false,""
24486,"Supply Line Set Point Heating 3","","holding",5011,true,10,0.1,"°C","s16",true,50,800,450,false,""
24487,"Supply Line Set Point Heating 4","","holding",5012,true,10,0.1,"°C","s16",true,50,800,450,false,""
24488,"Supply Line Set Point Heating 5","","holding",5013,true,10,0.1,"°C","s16",true,50,800,450,false,""
24489,"Supply Line Set Point Heating 6","","holding",5014,true,10,0.1,"°C","s16",true,50,800,450,false,""
24490,"Supply Line Set Point Heating 7","","holding",5015,true,10,0.1,"°C","s16",true,50,800,450,false,""
24491,"Supply Line Set Point Heating 8","","holding",5016,true,10,0.1,"°C","s16",true,50,800,450,false,""
24492,"Supply Line Set Point Cooling 1","","holding",5017,true,10,0.1,"°C","s16",true,-50,300,250,true,"settings/calculatedcoolingsupplytemperature"
24493,"Supply Line Set Point Cooling 2","","holding",5018,true,10,0.1,"°C","s16",true,-50,300,250,false,""
24494,"Supply Line Set Point Cooling 3","","holding",5019,true,10,0.1,"°C","s16",true,-50,300,250,false,""
24495,"Supply Line Set Point Cooling 4","","holding",5020,true,10,0.1,"°C","s16",true,-50,300,250,false,""
24496,"Supply Line Set Point Cooling 5","","holding",5021,true,10,0.1,"°C","s16",true,-50,300,250,false,""
24497,"Supply Line Set Point Cooling 6","","holding",5022,true,10,0.1,"°C","s16",true,-50,300,250,false,""
24498,"Supply Line Set Point Cooling 7","","holding",5023,true,10,0.1,"°C","s16",true,-50,300,250,false,""
24499,"Supply Line Set Point Cooling 8","","holding",5024,true,10,0.1,"°C","s16",true,-50,300,250,false,""
24961,"Relay status","","input",0,false,1,1,"","u8",false,0,0,0,false,""
25154,"Energy log - Produced energy for heating over the past hour","","input",2283,true,100,0.01,"kWh","u32",false,0,0,0,false,""
25155,"Energy log - Produced energy for hot water over the past hour","","input",2285,true,100,0.01,"kWh","u32",false,0,0,0,false,""
25158,"Energy log - Used energy for heating over the past hour","","input",2291,true,100,0.01,"kWh","u32",false,0,0,0,false,""
25159,"Energy log - Used energy for hot water over the past hour","","input",2293,true,100,0.01,"kWh","u32",false,0,0,0,false,""
25162,"Energy log - Used energy by additional heater for heating over the past hour","","input",2299,true,100,0.01,"kWh","u32",false,0,0,0,false,""
25163,"Energy log - Used energy by additional heater for hot water over the past hour","","input",2301,true,100,0.01,"kWh","u32",false,0,0,0,false,""
25165,"Energy log - Current power consumption","","input",2305,true,100,0.01,"kW","u32",false,0,0,0,false,""
25166,"Energy log - Current power consumption, components","","input",2408,true,100,0.01,"kW","u32",false,0,0,0,false,""
25671,"Compressor, total time energy storage, main unit (EP14)","","input",2335,true,1,1,"h","u32",false,0,2147483647,0,false,""
25672,"Compressor, total time energy storage, main unit (EP15)","","input",2337,true,1,1,"h","u32",false,0,2147483647,0,false,""
25673,"Compressor, total time energy storage, heat pump 1 (EP14)","","input",2339,true,1,1,"h","u32",false,0,2147483647,0,false,""
25674,"Compressor, total time energy storage, heat pump 1 (EP15)","","input",2341,true,1,1,"h","u32",false,0,2147483647,0,false,""
25675,"Compressor, total time energy storage, heat pump 2 (EP14)","","input",2343,true,1,1,"h","u32",false,0,2147483647,0,false,""
25676,"Compressor, total time energy storage, heat pump 2 (EP15)","","input",2345,true,1,1,"h","u32",false,0,2147483647,0,false,""
25677,"Compressor, total time energy storage, heat pump 3 (EP14)","","input",2347,true,1,1,"h","u32",false,0,2147483647,0,false,""
25678,"Compressor, total time energy storage, heat pump 3 (EP15)","","input",2349,true,1,1,"h","u32",false,0,2147483647,0,false,""
25679,"Compressor, total time energy storage, heat pump 4 (EP14)","","input",2351,true,1,1,"h","u32",false,0,2147483647,0,false,""
25680,"Compressor, total time energy storage, heat pump 4 (EP15)","","input",2353,true,1,1,"h","u32",false,0,2147483647,0,false,""
25681,"Compressor, total time energy storage, heat pump 5 (EP14)","","input",2355,true,1,1,"h","u32",false,0,2147483647,0,false,""
25682,"Compressor, total time energy storage, heat pump 5 (EP15)","","input",2357,true,1,1,"h","u32",false,0,2147483647,0,false,""
25683,"Compressor, total time energy storage, heat pump 6 (EP14)","","input",2359,true,1,1,"h","u32",false,0,2147483647,0,false,""
25684,"Compressor, total time energy storage, heat pump 6 (EP15)","","input",2361,true,1,1,"h","u32",false,0,2147483647,0,false,""
25685,"Compressor, total time energy storage, heat pump 7 (EP14)","","input",2363,true,1,1,"h","u32",false,0,2147483647,0,false,""
25686,"Compressor, total time energy storage, heat pump 7 (EP15)","","input",2365,true,1,1,"h","u32",false,0,2147483647,0,false,""
25687,"Compressor, total time energy storage, heat pump 8 (EP14)","","input",2367,true,1,1,"h","u32",false,0,2147483647,0,false,""
25688,"Compressor, total time energy storage, heat pump 8 (EP15)","","input",2369,true,1,1,"h","u32",false,0,2147483647,0,false,""
26694,"External reading of BT1 activated","","input",5208,true,1,1,"","u8",false,0,0,0,false,""
26695,"External reading of BT25 activated","","input",5209,true,1,1,"","u8",false,0,0,0,false,""
26696,"External reading of BT71 activated","","input",5210,true,1,1,"","u8",false,0,0,0,false,""
26697,"External reading of BT5 activated","","input",5211,true,1,1,"","u8",false,0,0,0,false,""
26698,"External reading of BT6 activated","","input",5212,true,1,1,"","u8",false,0,0,0,false,""
26699,"External reading of BT7 activated","","input",5213,true,1,1,"","u8",false,0,0,0,false,""
26702,"External reading of BT52 activated","","holding",5216,true,1,1,"","u8",true,0,1,0,false,""
26703,"External reading of value BT1","","holding",5217,true,10,0.1,"°C","s16",false,0,0,0,false,""
26704,"External reading of value BT25","","holding",5218,true,10,0.1,"°C","s16",false,0,0,0,false,""
26705,"External reading of value BT71","","holding",5219,true,10,0.1,"°C","s16",false,0,0,0,false,""
26706,"External reading of value BT5","","holding",5220,true,10,0.1,"°C","s16",false,0,0,0,false,""
26707,"External reading of value BT6","","holding",5221,true,10,0.1,"°C","s16",false,0,0,0,false,""
26708,"External reading of value BT7","","holding",5222,true,10,0.1,"°C","s16",false,0,0,0,false,""
26711,"External reading of value BT52","","holding",5225,true,10,0.1,"°C","s16",false,0,0,0,false,""
26817,"Energiepreis 00:00 - 01:00","","holding",6014,true,1,1,"","s32",true,-2147483648,2147483647,2147483647,false,""
26818,"Energiepreis 01:00 - 02:00","","holding",6016,true,1,1,"","s32",true,-2147483648,2147483647,2147483647,false,""
26819,"Energiepreis 02:00 - 03:00","","holding",6018,true,1,1,"","s32",true,-2147483648,2147483647,2147483647,false,""
26820,"Energiepreis 03:00 - 04:00","","holding",6020,true,1,1,"","s32",true,-2147483648,2147483647,2147483647,false,""
26821,"Energiepreis 04:00 - 05:00","","holding",6022,true,1,1,"","s32",true,-2147483648,2147483647,2147483647,false,""
26822,"Energiepreis 05:00 - 06:00","","holding",6024,true,1,1,"","s32",true,-2147483648,2147483647,2147483647,false,""
26823,"Energiepreis 06:00 - 07:00","","holding",6026,true,1,1,"","s32",true,-2147483648,2147483647,2147483647,false,""
26824,"Energiepreis 07:00 - 08:00","","holding",6028,true,1,1,"","s32",true,-2147483648,2147483647,2147483647,false,""
26825,"Energiepreis 08:00 - 09:00","","holding",6030,true,1,1,"","s32",true,-2147483648,2147483647,2147483647,false,""
26826,"Energiepreis 09:00 - 10:00","","holding",6032,true,1,1,"","s32",true,-2147483648,2147483647,2147483647,false,""
26827,"Energiepreis 10:00 - 11:00","","holding",6034,true,1,1,"","s32",true,-2147483648,2147483647,2147483647,false,""
26828,"Energiepreis 11:00 - 12:00","","holding",6036,true,1,1,"","s32",true,-2147483648,2147483647,2147483647,false,""
26829,"Energiepreis 12:00 - 13:00","","holding",6038,true,1,1,"","s32",true,-2147483648,2147483647,2147483647,false,""
26830,"Energiepreis 13:00 - 14:00","","holding",6040,true,1,1,"","s32",true,-2147483648,2147483647,2147483647,false,""
26831,"Energiepreis 14:00 - 15:00","","holding",6042,true,1,1,"","s32",true,-2147483648,2147483647,2147483647,false,""
26832,"Energiepreis 15:00 - 16:00","","holding",6044,true,1,1,"","s32",true,-2147483648,2147483647,2147483647,false,""
26833,"Energiepreis 16:00 - 17:00","","holding",6046,true,1,1,"","s32",true,-2147483648,2147483647,2147483647,false,""
26834,"Energiepreis 17:00 - 18:00","","holding",6048,true,1,1,"","s32",true,-2147483648,2147483647,2147483647,false,""
26835,"Energiepreis 18:00 - 19:00","","holding",6050,true,1,1,"","s32",true,-2147483648,2147483647,2147483647,false,""
26836,"Energiepreis 19:00 - 20:00","","holding",6052,true,1,1,"","s32",true,-2147483648,2147483647,2147483647,false,""
26837,"Energiepreis 20:00 - 21:00","","holding",6054,true,1,1,"","s32",true,-2147483648,2147483647,2147483647,false,""
26838,"Energiepreis 21:00 - 22:00","","holding",6056,true,1,1,"","s32",true,-2147483648,2147483647,2147483647,false,""
26839,"Energiepreis 22:00 - 23:00","","holding",6058,true,1,1,"","s32",true,-2147483648,2147483647,2147483647,false,""
26840,"Energiepreis 23:00 - 00:00","","holding",6060,true,1,1,"","s32",true,-2147483648,2147483647,2147483647,false,""
27378,"Heating, compressor only","","input",1585,true,10,0.1,"kWh","u32",false,0,0,0,true,"energy/heatingcompressor"
27379,"Hot water, compressor only","","input",1583,true,10,0.1,"kWh","u32",false,0,0,0,true,"energy/hotwatercompressor"
27383,"Hot water, including int. add. heat","","input",1575,true,10,0.1,"kWh","u32",false,0,0,0,false,""
27769,"Disable offset for cluster cooling controller","","holding",6000,true,1,1,"","u8",true,0,1,0,false,""
28034,"Outd. liq. line sensor (BT39)","","input",2445,true,10,0.1,"°C","s16",false,0,0,0,false,""
28035,"Outdoor Liquid Line Temp sensor (EB101-BT39)","","input",2446,true,10,0.1,"°C","s16",false,0,0,0,false,""
28036,"Outdoor Liquid Line Temp sensor (EB102-BT39)","","input",2447,true,10,0.1,"°C","s16",false,0,0,0,false,""
28037,"Outdoor Liquid Line Temp sensor (EB103-BT39)","","input",2448,true,10,0.1,"°C","s16",false,0,0,0,false,""
28038,"Outdoor Liquid Line Temp sensor (EB104-BT39)","","input",2449,true,10,0.1,"°C","s16",false,0,0,0,false,""
28039,"Outdoor Liquid Line Temp sensor (EB105-BT39)","","input",2450,true,10,0.1,"°C","s16",false,0,0,0,false,""
28040,"Outdoor Liquid Line Temp sensor (EB106-BT39)","","input",2451,true,10,0.1,"°C","s16",false,0,0,0,false,""
28041,"Outdoor Liquid Line Temp sensor (EB107-BT39)","","input",2452,true,10,0.1,"°C","s16",false,0,0,0,false,""
28042,"Outdoor Liquid Line Temp sensor (EB108-BT39)","","input",2453,true,10,0.1,"°C","s16",false,0,0,0,false,""
28392,"Tot. production","","input",3821,true,10,0.1,"kWh","u32",false,0,0,0,false,""
28393,"Tot. consumption","","input",3823,true,10,0.1,"kWh","u32",false,0,0,0,false,""
29258,"Production (PV Power)","","holding",5984,true,1,1,"kW","u16",true,0,65535,0,false,""
29291,"Current power","","input",2727,true,100,0.01,"kW","u32",false,0,0,0,false,""
29970,"External reading of BT50 activated","","input",5986,true,1,1,"","u8",false,0,0,0,false,""
29971,"External reading of value BT50","","holding",5987,true,10,0.1,"°C","s16",false,0,0,0,false,""
30001,"Speed, circulation pump, standby mode (EB100)","","holding",5996,true,1,1,"%","u8",true,1,100,30,false,""
32341,"Desired room temperature for zone 1","","holding",2505,true,10,0.1,"°C","s32",true,50,350,200,false,""
32342,"Desired room temperature for zone 2","","holding",2507,true,10,0.1,"°C","s32",true,50,350,200,false,""
32343,"Desired room temperature for zone 3","","holding",2509,true,10,0.1,"°C","s32",true,50,350,200,false,""
32344,"Desired room temperature for zone 4","","holding",2511,true,10,0.1,"°C","s32",true,50,350,200,false,""
32345,"Desired room temperature for zone 5","","holding",2513,true,10,0.1,"°C","s32",true,50,350,200,false,""
32346,"Desired room temperature for zone 6","","holding",2515,true,10,0.1,"°C","s32",true,50,350,200,false,""
32347,"Desired room temperature for zone 7","","holding",2517,true,10,0.1,"°C","s32",true,50,350,200,false,""
32348,"Desired room temperature for zone 8","","holding",2519,true,10,0.1,"°C","s32",true,50,350,200,false,""
32349,"Desired room temperature for zone 9","","holding",2521,true,10,0.1,"°C","s32",true,50,350,200,false,""
32350,"Desired room temperature for zone 10","","holding",2523,true,10,0.1,"°C","s32",true,50,350,200,false,""
32351,"Desired room temperature for zone 11","","holding",2525,true,10,0.1,"°C","s32",true,50,350,200,false,""
32352,"Desired room temperature for zone 12","","holding",2527,true,10,0.1,"°C","s32",true,50,350,200,false,""
32353,"Desired room temperature for zone 13","","holding",2529,true,10,0.1,"°C","s32",true,50,350,200,false,""
32354,"Desired room temperature for zone 14","","holding",2531,true,10,0.1,"°C","s32",true,50,350,200,false,""
32355,"Desired room temperature for zone 15","","holding",2533,true,10,0.1,"°C","s32",true,50,350,200,false,""
32356,"Desired room temperature for zone 16","","holding",2535,true,10,0.1,"°C","s32",true,50,350,200,false,""
32357,"Desired room temperature for zone 17","","holding",2537,true,10,0.1,"°C","s32",true,50,350,200,false,""
32358,"Desired room temperature for zone 18","","holding",2539,true,10,0.1,"°C","s32",true,50,350,200,false,""
32359,"Desired room temperature for zone 19","","holding",2541,true,10,0.1,"°C","s32",true,50,350,200,false,""
32360,"Desired room temperature for zone 20","","holding",2543,true,10,0.1,"°C","s32",true,50,350,200,false,""
32361,"Desired room temperature for zone 21","","holding",2545,true,10,0.1,"°C","s32",true,50,350,200,false,""
32362,"Desired room temperature for zone 22","","holding",2547,true,10,0.1,"°C","s32",true,50,350,200,false,""
32363,"Desired room temperature for zone 23","","holding",2549,true,10,0.1,"°C","s32",true,50,350,200,false,""
32364,"Desired room temperature for zone 24","","holding",2551,true,10,0.1,"°C","s32",true,50,350,200,false,""
32365,"Desired room temperature for zone 25","","holding",2553,true,10,0.1,"°C","s32",true,50,350,200,false,""
32366,"Desired room temperature for zone 26","","holding",2555,true,10,0.1,"°C","s32",true,50,350,200,false,""
32367,"Desired room temperature for zone 27","","holding",2557,true,10,0.1,"°C","s32",true,50,350,200,false,""
32368,"Desired room temperature for zone 28","","holding",2559,true,10,0.1,"°C","s32",true,50,350,200,false,""
32369,"Desired room temperature for zone 29","","holding",2561,true,10,0.1,"°C","s32",true,50,350,200,false,""
32370,"Desired room temperature for zone 30","","holding",2563,true,10,0.1,"°C","s32",true,50,350,200,false,""
32371,"Desired room temperature for zone 31","","holding",2565,true,10,0.1,"°C","s32",true,50,350,200,false,""
32372,"Desired room temperature for zone 32","","holding",2567,true,10,0.1,"°C","s32",true,50,350,200,false,""
32373,"Desired room temperature for zone 33","","holding",2569,true,10,0.1,"°C","s32",true,50,350,200,false,""
32374,"Desired room temperature for zone 34","","holding",2571,true,10,0.1,"°C","s32",true,50,350,200,false,""
32375,"Desired room temperature for zone 35","","holding",2573,true,10,0.1,"°C","s32",true,50,350,200,false,""
32376,"Desired room temperature for zone 36","","holding",2575,true,10,0.1,"°C","s32",true,50,350,200,false,""
32377,"Desired room temperature for zone 37","","holding",2577,true,10,0.1,"°C","s32",true,50,350,200,false,""
32378,"Desired room temperature for zone 38","","holding",2579,true,10,0.1,"°C","s32",true,50,350,200,false,""
32379,"Desired room temperature for zone 39","","holding",2581,true,10,0.1,"°C","s32",true,50,350,200,false,""
32380,"Desired room temperature for zone 40","","holding",2583,true,10,0.1,"°C","s32",true,50,350,200,false,""
32824,"Power limitation activation","","none",0,false,1,1,"","u8",true,0,1,0,false,""
33193,"External reading of BT68 activated","","holding",6003,true,1,1,"","u8",true,0,1,0,false,""
33194,"External reading of value BT68","","holding",6004,true,10,0.1,"°C","s16",false,0,0,0,false,""
33195,"External reading of BT69 activated","","holding",6005,true,1,1,"","u8",true,0,1,0,false,""
33196,"External reading of value BT68","","holding",6006,true,10,0.1,"°C","s16",false,0,0,0,false,""
55000,"Priority","","input",3804,true,1,1,"","u8",false,0,0,0,false,""
55084,"Immersion heater power, emergency mode","","holding",3028,true,100,0.01,"kW","s16",true,0,4500,940,false,""
55335,"""EEV Control Mode (EB101)""","","input",2413,true,1,1,"","u8",false,0,0,0,false,""
55343,"""EEV State (EB101)""","","input",2421,true,1,1,"","u8",false,0,0,0,false,""
55749,"Block new compressor","Block new compressors","holding",5551,true,1,1,"","u8",false,0,1,0,false,""
55884,"Set point value power","","holding",5997,true,10,0.1,"kW","u16",true,0,600,0,false,""
56150,"All sub units operating prio","","input",3825,true,1,1,"","u32",false,0,0,0,false,""
